,plateifu,mangaid,objra,objdec,T,type,TType-cat,VI_morph,WHAN_Class
0,10001-1902,1-48201,134.1939234,56.786747,-4.026,EII,Huertas,S0,LSN
1,10001-6103,1-48208,134.0081231,57.39096437,-3.177,EII,Huertas,S0,QB
2,7443-12701,12-98126,230.5074624,43.53234133,-0.113,S0,Huertas,S0,QB
3,7443-6104,12-84677,232.1580689,42.44201681,0.921,Sab,Huertas,S0,QB
4,7495-3704,12-129601,204.5862843,26.7597426,-3.406,EII,Huertas,S0,QB
5,7957-1901,1-634477,255.8952838,36.4015364,-0.542,S0,Huertas,S0,LSN
6,7957-1902,1-547135,256.7756559,35.63997803,-3.349,EII,Huertas,S0,LSN
7,7964-6103,1-179135,315.474939,-0.304685068,-1.747,S0,Huertas,S0,QB
8,7972-12703,1-113265,316.4909133,9.155321093,1.774,Sab,Huertas,S0,SFBQB
9,7977-3702,1-114928,331.0809253,12.96837782,-2.122,S0,Huertas,S0,QB
10,7990-3704,1-24394,262.0749216,56.77477957,-0.959,S0,Huertas,S0,QB
11,7991-12705,1-25937,261.1156088,56.29601023,3.069,Sab,Huertas,S0,QB
12,7992-9102,1-22948,254.542084,62.41564796,1.995,Sab,Huertas,S0,SFBQB
13,8081-6102,1-38033,49.94013722,-0.077189233,1.212,Sab,Huertas,S0,QB
14,8081-6104,1-38136,49.48363311,1.04534963,-0.663,S0,Huertas,S0,QB
15,8082-6102,1-38167,49.94591684,0.58458003,-3.696,EII,Huertas,S0,QB
16,8083-3701,1-38189,50.19979282,0.185604407,2.452,Sab,Huertas,S0,QB
17,8083-3702,1-38173,49.97322565,0.391442192,-0.584,S0,Huertas,S0,PSF
18,8086-1901,1-229012,57.11265442,-0.788729667,-4.112,EII,Huertas,S0,QB
19,8086-9101,1-228997,57.24298558,-0.521120145,-1.609,S0,Huertas,S0,QB
20,8131-9102,1-377125,112.2213595,41.30781184,-1.32,S0,Huertas,S0,QB
21,8132-1902,1-377626,110.4506068,42.28630724,-3.997,EII,Huertas,S0,QB
22,8133-3701,1-377686,112.079253,43.30211844,2.1,Sab,Huertas,S0,SFBQB
23,8134-6102,1-378148,114.9245079,45.9126097,-1.792,S0,Huertas,S0,QB
24,8138-6102,1-339061,117.1443425,44.68828516,-1.765,S0,Huertas,S0,QBSFB
25,8141-3703,1-339057,117.4714538,44.87315526,-0.606,S0,Huertas,S0,LSN
26,8144-1901,1-121035,113.6784452,30.01889582,-3.388,EII,Huertas,S0,LSN
27,8146-12703,1-152719,116.6050861,30.44049222,2.742,Sab,Huertas,S0,QB
28,8146-12705,1-201561,118.0532144,28.77257956,4.622,Scd,Huertas,S0,SFBQB
29,8147-3704,1-146046,118.3239632,27.46073796,-3.997,EII,Huertas,S0,QB
30,8150-6104,1-389509,147.5390157,33.56934712,-2.039,S0,Huertas,S0,SFBQB
31,8243-3702,1-47302,130.414365,53.28107758,-0.898,S0,Huertas,S0,QB
32,8243-6103,1-47342,129.1748904,53.72723084,-2.932,S0,Huertas,S0,LSN
33,8244-3701,1-73651,132.3843944,50.87412731,-3.652,EII,Huertas,S0,QB
34,8244-3703,1-47627,131.9927583,51.6010158,0.557,Sab,Huertas,S0,QB
35,8244-6104,1-47862,133.0273865,52.93275339,-3.958,EII,Huertas,S0,LSN
36,8250-12701,1-558248,139.1931505,42.50677999,-2.005,S0,Huertas,S0,QB
37,8254-12705,1-256131,164.6264146,44.04342637,-0.303,S0,Huertas,S0,QB
38,8254-9101,1-275340,161.2617016,43.70475817,2.547,Sab,Huertas,S0,QB
39,8274-6101,1-277103,163.7347941,41.49846159,-1.112,S0,Huertas,S0,QB
40,8309-6101,1-576467,210.19032,51.728684,-0.788718581,S0,SDSS-DeepLearning,S0,SFB
41,8311-6102,1-519407,203.7386519,22.58306623,-2.865,S0,Huertas,S0,LSN
42,8312-3701,1-211006,246.9944805,39.6039607,-3.753,EII,Huertas,S0,LSN
43,8315-3701,1-322679,235.7094912,38.2238412,-0.342,S0,Huertas,S0,QB
44,8315-9102,1-236776,235.2080073,38.51345899,2.323,Sab,Huertas,S0,SFBQB
45,8319-12702,1-285052,199.0614905,47.59936439,2.657,Sab,Huertas,S0,QB
46,8319-3702,1-234004,198.7431658,48.19461729,-2.225,S0,Huertas,S0,QB
47,8323-3702,1-402833,195.1167968,34.37967217,1.342,Sab,Huertas,S0,QB
48,8326-6103,1-320664,214.8189925,48.06100457,-0.007,S0,Huertas,S0,QB
49,8331-6104,1-250969,206.2962739,42.31951338,1.847,Sab,Huertas,S0,QBSFB
50,8332-6103,1-251119,207.6574299,43.76413131,0.941,Sab,Huertas,S0,QB
51,8335-1902,1-252147,218.1676448,40.95422827,-1.624,S0,Huertas,S0,LSN
52,8335-6101,1-251788,215.2292407,40.12102739,-3.342,EII,Huertas,S0,PSF
53,8338-3701,1-491200,172.246908,22.95990585,-3.523,EII,Huertas,S0,LSN
54,8341-1901,1-259091,190.5824315,45.43786464,-0.284,S0,Huertas,S0,QB
55,8341-3703,1-283246,191.0788737,46.40713087,-2.215,S0,Huertas,S0,QB
56,8440-12704,1-217018,136.1423381,41.39782718,1.026,Sab,Huertas,S0,QB
57,8442-6103,1-409567,197.580145,32.02340506,-1.188,S0,Huertas,S0,LSN
58,8443-3702,1-423101,207.0670743,25.73348698,-4.18,EII,Huertas,S0,SFBQB
59,8444-6103,1-625602,200.4415752,33.18280444,2.613,Sab,Huertas,S0,LSN
60,8444-6104,1-420732,203.2463705,32.32044657,-0.3,S0,Huertas,S0,SFBQB
61,8447-1902,1-260744,208.0636134,38.93507976,-1.896,S0,Huertas,S0,QB
62,8449-3702,1-489766,169.4911967,22.50297351,-2.51,S0,Huertas,S0,LSN
63,8450-6103,1-489649,171.9548268,21.38610294,1.761,Sab,Huertas,S0,QB
64,8453-3704,1-167582,154.4808329,46.60328571,0.172,S0,Huertas,S0,SFBQB
65,8454-12705,1-586585,154.85845,44.404681,-2.579304695,S0,SDSS-DeepLearning,S0,QB
66,8462-1901,1-301331,145.8140399,36.231443,-0.646,S0,Huertas,S0,LSN
67,8481-6102,1-91580,239.554209,54.61556205,1.887,Sab,Huertas,S0,SFBQB
68,8482-6104,1-542370,244.5540233,49.86842363,-3.738,EII,Huertas,S0,QB
69,8483-12703,1-542318,245.2483138,49.00177722,2.016,Sab,Huertas,S0,SFBQB
70,8483-3701,1-93375,245.4543652,47.05211803,-3.433,EII,Huertas,S0,QB
71,8484-3702,1-94027,247.7308648,45.88004946,2.325,Sab,Huertas,S0,QBSFB
72,8486-6102,1-134020,238.0468936,48.04391629,3.107,Sab,Huertas,S0,PSF
73,8550-3704,1-211311,248.4263858,39.18511968,-1.137,S0,Huertas,S0,SFBQB
74,8551-9102,1-247882,235.6693623,45.43208579,3.456,Sab,Huertas,S0,PSF
75,8553-12705,1-90901,235.4638824,55.46785355,2.02,Sab,Huertas,S0,SFB
76,8553-6103,1-632698,231.5029537,56.82681933,-1.782,S0,Huertas,S0,QB
77,8554-3703,1-419345,183.3968944,35.80017552,-1.449,S0,Huertas,S0,QB
78,8566-1902,1-338593,113.4172898,41.68527786,-0.22,S0,Huertas,S0,LSN
79,8568-3701,1-392010,154.6361632,36.26215187,-1.25,S0,Huertas,S0,QB
80,8591-3702,1-245088,212.6120868,54.61957409,0.019,S0,Huertas,S0,QB
81,8592-3701,1-246203,220.8531234,52.61452709,-1.745,S0,Huertas,S0,QB
82,8595-6104,1-246027,219.3966141,51.58313409,-3.357,EII,Huertas,S0,SFBQB
83,8597-1902,1-198125,223.3912441,48.69878971,-0.059,S0,Huertas,S0,QB
84,8597-6102,1-246535,225.8073743,48.89887128,-3.709,EII,Huertas,S0,QB
85,8600-1901,1-633729,242.5852246,43.00964346,-0.646,S0,Huertas,S0,PSF
86,8603-12703,1-135133,247.2826464,40.6650475,3.65,Sab,Huertas,S0,QB
87,8603-9101,1-135134,247.2256243,40.86661117,-1.966,S0,Huertas,S0,LSN
88,8604-9101,1-594505,247.3333271,39.42899256,-3.779,EII,Huertas,S0,LSN
89,8606-6103,1-95657,253.6327729,37.63138859,-3.199,EII,Huertas,S0,QB
90,8611-3701,1-25676,261.8412456,59.64380008,-3.911,EII,Huertas,S0,QB
91,8611-3702,1-25659,261.4639383,60.1941171,-2.097,S0,Huertas,S0,SFBQB
92,8615-6101,1-179929,319.5945647,0.291590354,0.708,Sab,Huertas,S0,LSN
93,8618-9101,1-596095,318.0865638,11.22023604,3.226,Sab,Huertas,S0,SFBQB
94,8624-6103,1-25707,261.9542033,58.69833238,2.309,Sab,Huertas,S0,PSF
95,8625-3703,1-23927,259.3763072,57.06810325,2.429,Sab,Huertas,S0,SFBQB
96,8626-6104,1-24416,263.033161,56.87874753,2.172,Sab,Huertas,S0,QB
97,8626-9102,1-634800,263.43932,56.708536,4.705039024,Scd,SDSS-DeepLearning,S0,QB
98,8711-9101,1-378881,117.4684414,50.77123161,-1.904,S0,Huertas,S0,LSN
99,8713-1901,1-43541,116.8477865,39.19593129,-1.386,S0,Huertas,S0,QB
100,8718-3701,1-44113,120.2064094,44.69117049,-2.049,S0,Huertas,S0,QB
101,8719-1901,1-548191,121.17614,46.733424,-2.143375397,S0,SDSS-DeepLearning,S0,LSN
102,8719-3704,1-44700,121.4079898,46.7074016,2.046,Sab,Huertas,S0,LSN
103,8720-3702,1-45399,123.0706714,49.37745577,-3.463,EII,Huertas,S0,QB
104,8724-3701,1-47272,131.7931772,53.83060813,-3.679,EII,Huertas,S0,LSN
105,8725-3704,1-73029,125.7241409,45.71877191,-1.369,S0,Huertas,S0,QB
106,8726-6102,1-217686,116.647649,22.4160586,0.799,Sab,Huertas,S0,QB
107,8931-1901,1-456371,194.016556,27.1504442,1.085,Sab,Huertas,S0,LSN
108,8931-6103,1-591183,194.8062275,27.77460201,-2.027,S0,Huertas,S0,LSN
109,8932-6104,1-404171,195.5361048,28.38709153,-2.014,S0,Huertas,S0,SFBQB
110,8934-12705,1-403685,196.8173486,28.28392205,-0.797,S0,Huertas,S0,LSN
111,8934-3703,1-457122,195.1214583,26.67535657,-2.013,S0,Huertas,S0,LSN
112,8934-6104,1-404135,196.5229603,28.59295396,-3.96,EII,Huertas,S0,LSN
113,8935-1902,1-457206,196.4535719,28.10652776,-1.89,S0,Huertas,S0,LSN
114,8936-9102,1-152777,117.116454,30.06909616,2.384,Sab,Huertas,S0,QB
115,8939-1902,1-384554,126.398536,23.95919233,2.613,Sab,Huertas,S0,PSF
116,8940-3701,1-218077,120.2511759,24.63987389,-1.743,S0,Huertas,S0,QB
117,8941-1902,1-163917,120.3116394,26.33317649,-3.469,EII,Huertas,S0,LSN
118,8943-12701,1-392720,156.0250586,35.8187952,2.76,Sab,Huertas,S0,SFBQB
119,8945-1901,1-279544,172.3657294,47.69629348,-2.672,S0,Huertas,S0,QB
120,8946-3701,1-279147,168.9577269,46.31956445,-1.299,S0,Huertas,S0,SFBQB
121,8946-6102,1-279532,170.8082726,46.99780245,2.505,Sab,Huertas,S0,SFB
122,8948-1901,1-587930,165.73913,50.670235,-2.504583836,S0,SDSS-DeepLearning,S0,QB
123,8948-3704,1-148893,166.4085637,50.35042308,-2.662,S0,Huertas,S0,QB
124,8949-6102,1-623758,195.2946151,27.80288541,-1.569,S0,Huertas,S0,LSN
125,8950-12703,1-456610,194.874839,27.95644971,-1.949,S0,Huertas,S0,LSN
126,8950-1902,1-456308,194.8071141,27.40254478,-3.518,EII,Huertas,S0,LSN
127,8952-3704,1-458209,206.0857212,26.08419205,-1.788,S0,Huertas,S0,QB
128,8978-6103,1-94422,250.4532032,41.81873748,2.097,Sab,Huertas,S0,QB
129,8979-1901,1-248443,242.3186184,41.74572779,-3.432,EII,Huertas,S0,QB
130,8980-3702,1-236045,225.6764531,43.24241566,-0.398,S0,Huertas,S0,QB
131,8982-1901,1-458044,202.0570284,26.45654088,-1.739,S0,Huertas,S0,QB
132,8985-3702,1-420908,204.0826618,32.87509535,1.599,Sab,Huertas,S0,PSF
133,8989-3701,1-174979,176.9543568,50.40535022,-1.836,S0,Huertas,S0,QB
134,8990-1901,1-174623,172.9290515,49.28323849,1.727,Sab,Huertas,S0,LSN
135,8990-6102,1-174826,173.6790713,49.0908237,-1.173,S0,Huertas,S0,LSN
136,8990-6103,1-589092,174.72712,49.66036,4.143211365,Scd,SDSS-DeepLearning,S0,SFBQB
137,8992-1902,1-149501,173.721052,51.09146236,2.765,Sab,Huertas,S0,PSF
138,8992-3701,1-149496,172.6219317,50.76527092,-2.313,S0,Huertas,S0,QB
139,8996-3702,1-187429,172.3306157,54.12608477,-0.62,S0,Huertas,S0,LSN
140,8996-3704,1-149709,173.4128685,52.67458671,-1.718,S0,Huertas,S0,QB
141,8997-3703,1-149589,170.7234497,51.3417778,2.646,Sab,Huertas,S0,QB
142,8999-12702,1-148652,163.9617276,49.67810333,0.066,S0,Huertas,S0,QB
143,8999-6101,1-148649,164.0004849,49.952908,3.017,Sab,Huertas,S0,PSF
144,9026-1902,1-94773,249.3024271,44.08551071,-2.014,S0,Huertas,S0,SFBQB
145,9026-9102,1-94720,250.8636141,43.35318046,0.136,S0,Huertas,S0,QB
146,9033-6102,1-198007,223.0146622,47.07780105,-0.739,S0,Huertas,S0,QB
147,9035-3704,1-247675,236.6776249,43.37247911,-1.527,S0,Huertas,S0,SFBQB
148,9037-3704,1-199454,235.1766583,43.75125249,-3.215,EII,Huertas,S0,LSN
149,9039-9102,1-593805,230.5224906,33.14859447,-3.506,EII,Huertas,S0,LSN
150,9041-12704,1-264488,237.151494,29.00190102,-2.771,S0,Huertas,S0,QB
151,9043-1902,1-632488,230.56456,27.699703,-2.369142056,S0,SDSS-DeepLearning,S0,QB
152,9044-1902,1-632365,230.3032996,30.65792656,-1.168,S0,Huertas,S0,LSN
153,9044-3701,1-632371,230.3101815,30.52305187,1.647,Sab,Huertas,S0,QB
154,9045-1902,1-315099,228.6327171,31.03095209,-2.088,S0,Huertas,S0,QB
155,9049-3704,1-295155,247.5306506,23.92595754,1.885,Sab,Huertas,S0,PSF
156,9050-12705,1-295183,246.3073136,23.69994733,2.708,Sab,Huertas,S0,QB
157,9085-1901,1-177972,259.3564005,29.18554796,-1.788,S0,Huertas,S0,LSN
158,9181-9101,1-71763,118.9382788,37.82156342,2.586,Sab,Huertas,S0,PSF
159,9182-3703,1-72199,121.2724092,40.1745642,-1.692,S0,Huertas,S0,QB
160,9185-6101,1-561034,257.49138,34.370153,0.696091294,Sab,SDSS-DeepLearning,S0,LSN
161,9193-3702,1-37813,46.52125865,-0.53404909,1.98,Sab,Huertas,S0,LSN
162,9196-1902,1-24553,261.10511,53.51792,1.665768385,Sab,SDSS-DeepLearning,S0,SFBQB
163,9196-3703,1-24661,262.3890816,54.30986001,-1.138,S0,Huertas,S0,SFBQB
164,9486-6102,1-122361,122.3806437,39.80187983,-2.682,S0,Huertas,S0,QB
165,9487-3702,1-574506,123.33054,46.147157,-2.263981819,S0,SDSS-DeepLearning,S0,SFBQB
166,9487-9101,1-45179,123.5711965,46.01033153,-1.36,S0,Huertas,S0,QB
167,9488-6101,1-384171,125.6496557,20.99616555,2.6,Sab,Huertas,S0,PSF
168,9490-3701,1-383608,122.3522585,19.62819733,-0.406,S0,Huertas,S0,QBSFB
169,9491-3703,1-383214,120.4040529,18.88516844,-3.652,EII,Huertas,S0,SFBQB
170,9492-3704,1-297846,116.9191707,18.47855339,1.527,Sab,Huertas,S0,LSN
171,9497-1902,1-556829,117.50503,19.495915,-2.48897171,S0,SDSS-DeepLearning,S0,LSN
172,9502-3704,1-385108,129.4954628,25.04878086,1.794,Sab,Huertas,S0,QB
173,9505-6101,1-387035,139.854368,26.90892847,-3.22,EII,Huertas,S0,LSN
174,9506-1902,1-386154,133.5751216,26.50611851,0.611,Sab,Huertas,S0,QB
175,9508-12703,1-298950,127.374084,26.54996094,0.744,Sab,Huertas,S0,LSN
176,9509-3704,1-230100,122.7356208,25.68471302,-2.765,S0,Huertas,S0,QB
177,9512-6102,1-53916,139.357447,1.288343214,-2.135,S0,Huertas,S0,QB
178,9863-12702,1-456589,194.8340936,27.88600975,-0.346,S0,Huertas,S0,LSN
179,9863-12705,1-456639,195.1354777,27.76614005,0.997,Sab,Huertas,S0,LSN
180,9863-1901,1-591255,195.0536034,28.07550107,-2.193,S0,Huertas,S0,LSN
181,9863-3704,1-456418,193.1711783,26.36582117,-1.929,S0,Huertas,S0,LSN
182,9863-6101,1-455924,192.9324389,27.96282224,-3.064,EII,Huertas,S0,QB
183,9868-6103,1-321170,218.6626311,47.96833323,-3.799,EII,Huertas,S0,SFBQB
184,9869-9102,1-135524,247.2566077,40.5348708,-2.369,S0,Huertas,S0,SFBQB
185,9870-6101,1-199360,233.0662551,43.62936131,2.311,Sab,Huertas,S0,PSF
186,9876-3704,1-457163,195.5043539,27.65298985,0.295,S0,Huertas,S0,LSN
187,9881-12704,1-523188,205.3262164,24.49620066,2.85,Sab,Huertas,S0,QB
188,9881-3703,1-458301,204.8913664,25.55609869,-0.843,S0,Huertas,S0,QB
189,9881-3704,1-568583,205.35571,23.247487,-2.352990627,S0,SDSS-DeepLearning,S0,QB
190,9881-6101,1-523206,205.5431715,24.55791642,-2.164,S0,Huertas,S0,QB
191,9883-3703,1-176928,256.4620651,32.97538651,-1.584,S0,Huertas,S0,QB
192,9888-3701,1-593989,236.00803,27.699311,2.223415375,Sab,SDSS-DeepLearning,S0,SFB
193,10001-6102,1-48116,132.6539917,57.35966754,2.371,Sab,Huertas,Spiral,SFBQB
194,10001-9101,1-48189,133.8780968,57.56454487,4.02,Scd,Huertas,Spiral,PSF
195,7495-12705,12-129629,205.6092581,26.53687076,-0.989,S0,Huertas,Spiral,QB
196,7957-12705,1-547159,257.6306593,35.50673532,4.31,Scd,Huertas,Spiral,QB
197,7957-9101,1-177296,256.9444874,35.13413639,3.897,Sab,Huertas,Spiral,PSF
198,7958-3702,1-177284,256.9926059,34.81853932,2.11,Sab,Huertas,Spiral,SFBQB
199,7958-3703,1-177250,256.6640463,34.54300223,-1.042,S0,Huertas,Spiral,QB
200,7958-6101,1-547086,257.3836889,34.42703188,2.152,Sab,Huertas,Spiral,SFBQB
201,7962-12701,1-177822,258.6594221,28.12076298,4.1,Scd,Huertas,Spiral,PSF
202,7962-12702,1-178265,259.1944193,26.48130087,4.848,Scd,Huertas,Spiral,PSF
203,7962-12703,1-178586,261.2173022,28.07829691,2.507,Sab,Huertas,Spiral,SFBQB
204,7968-12703,1-180629,324.0919997,0.947726891,3.853,Sab,Huertas,Spiral,QB
205,7968-12704,1-180621,324.2598808,0.428240426,0.166,S0,Huertas,Spiral,SFBQB
206,7968-1902,1-180540,323.0338738,0.609774318,3.313,Sab,Huertas,Spiral,SFBQB
207,7968-6102,1-180537,323.1786261,0.771349187,2.401,Sab,Huertas,Spiral,QB
208,7977-12703,1-115162,333.2018423,13.33412093,5.198,Scd,Huertas,Spiral,QB
209,7977-12705,1-596678,332.89284,11.795929,1.889890909,Sab,SDSS-DeepLearning,Spiral,SFBQB
210,7977-9102,1-114980,332.8306643,12.18471758,4.575,Scd,Huertas,Spiral,SFBQB
211,7990-12701,1-24414,263.1501475,56.84525649,4.632,Scd,Huertas,Spiral,PSF
212,7990-12704,1-25554,262.4860383,58.39740725,1.86,Sab,Huertas,Spiral,QB
213,7990-6103,1-25688,261.2848449,58.76468742,4.55,Scd,Huertas,Spiral,QB
214,7991-3703,1-24124,258.5302615,57.47743353,3.445,Sab,Huertas,Spiral,LSN
215,7991-6102,1-24354,261.08183,56.87628,3.434,Sab,Huertas,Spiral,LSN
216,7992-1902,1-23023,257.247919,62.89801908,3.578,Sab,Huertas,Spiral,QB
217,7992-6101,1-22301,253.4055591,63.03126992,3.551,Sab,Huertas,Spiral,SFBQB
218,7992-6104,1-22662,255.2794883,64.67687817,2.336,Sab,Huertas,Spiral,SFB
219,8077-12705,1-109081,41.69464,-0.72882685,3.8163414,Sab,SDSS-DeepLearning,Spiral,SFBQB
220,8078-12703,1-37211,42.57026673,0.091990149,3.207,Sab,Huertas,Spiral,QB
221,8078-12705,1-36897,42.27915,-0.90221,3.972,Sab,Huertas,Spiral,PSF
222,8078-6104,1-37084,42.73942997,0.369408313,2.435,Sab,Huertas,Spiral,SFBQB
223,8081-3704,1-38014,49.82144204,-0.969631343,2.444,Sab,Huertas,Spiral,PSF
224,8081-6103,1-37936,48.06547714,0.240451563,4.198,Scd,Huertas,Spiral,PSF
225,8082-12701,1-604017,48.89645601,-1.016286105,3.037,Sab,Huertas,Spiral,SFBQB
226,8083-12703,1-38168,49.92933858,0.565477826,2.141,Sab,Huertas,Spiral,PSF
227,8083-12704,1-604053,50.69678615,0.149366137,4.946,Scd,Huertas,Spiral,QB
228,8083-9101,1-38017,50.13841388,-0.339959846,3.228,Sab,Huertas,Spiral,SFB
229,8084-6101,1-38299,51.69424872,-0.648169731,4.609,Scd,Huertas,Spiral,PSF
230,8084-9102,1-38272,51.87840006,-1.127783045,5.128,Scd,Huertas,Spiral,PSF
231,8085-12701,1-38368,51.40994103,-1.030120917,0.637,Sab,Huertas,Spiral,PSF
232,8085-3704,1-38348,51.15551834,-0.444017558,0.855,Sab,Huertas,Spiral,PSF
233,8085-6104,1-38470,51.70891381,0.198588834,0.504,Sab,Huertas,Spiral,PSF
234,8086-9102,1-229060,57.24838236,0.925977123,2.526,Sab,Huertas,Spiral,QB
235,8132-12703,1-338629,113.2668755,42.47246161,3.372,Sab,Huertas,Spiral,SFBQB
236,8132-12705,1-548025,111.93686,42.101512,1.579467773,Sab,SDSS-DeepLearning,Spiral,SFBQB
237,8132-6101,1-548024,111.73368,41.026691,4.566627026,Scd,SDSS-DeepLearning,Spiral,SFBQB
238,8133-12705,1-377841,113.747218,43.47251906,2.798,Sab,Huertas,Spiral,SFBQB
239,8134-12701,1-377978,112.6986802,46.01011573,4.812,Scd,Huertas,Spiral,PSF
240,8134-12704,1-548076,114.73363,47.473781,4.283277035,Scd,SDSS-DeepLearning,Spiral,QB
241,8134-9102,1-339163,116.280207,46.07242123,3.351,Sab,Huertas,Spiral,QB
242,8135-12701,1-604761,113.4722748,37.02590458,4.791,Scd,Huertas,Spiral,QB
243,8135-6103,1-338220,113.057013,39.56007376,0.183,S0,Huertas,Spiral,QB
244,8137-9102,1-43724,117.0386258,43.59070019,2.395,Sab,Huertas,Spiral,SFBQB
245,8138-12701,1-338829,115.6334404,44.23381894,3.548,Sab,Huertas,Spiral,PSF
246,8138-3702,1-339028,116.097926,44.52774148,2.156,Sab,Huertas,Spiral,QB
247,8138-6104,1-339258,117.2914197,46.46188305,5.39,Scd,Huertas,Spiral,PSF
248,8138-9102,1-44219,118.3285438,45.46202603,-1.07,S0,Huertas,Spiral,SFBQB
249,8139-12705,1-604821,116.43123,32.10292,4.694,Scd,Huertas,Spiral,SFBQB
250,8139-6103,1-71167,114.190162,33.12275273,4.277,Scd,Huertas,Spiral,PSF
251,8140-12701,1-43654,116.9303223,41.38637936,-0.816,S0,Huertas,Spiral,LSN
252,8140-12703,1-43783,117.8984691,42.88011507,3.855,Sab,Huertas,Spiral,QB
253,8140-12704,1-43651,117.9237673,42.30357352,4.331,Scd,Huertas,Spiral,PSF
254,8141-12701,1-338771,116.7326422,44.2656993,3.578,Sab,Huertas,Spiral,SFBQB
255,8144-6104,1-152524,115.0483891,28.39464054,-1.451,S0,Huertas,Spiral,SFBQB
256,8145-1901,1-201356,116.9935961,28.32480619,2.138,Sab,Huertas,Spiral,QB
257,8145-3702,1-201314,116.3795338,28.4410097,2.401,Sab,Huertas,Spiral,PSF
258,8145-3704,1-556498,117.57035,27.856993,-1.889897704,S0,SDSS-DeepLearning,Spiral,LSN
259,8145-9101,1-201173,117.1086,27.2980447,3.351,Sab,Huertas,Spiral,SFBQB
260,8147-6102,1-163831,118.6278435,25.81598648,2.82,Sab,Huertas,Spiral,SFBQB
261,8149-12702,1-164109,119.609269,27.16154759,2.296,Sab,Huertas,Spiral,SFBQB
262,8154-12705,1-37547,45.59815923,0.979293944,2.622,Sab,Huertas,Spiral,SFBQB
263,8154-6102,1-37167,44.16958925,-0.245663318,2.536,Sab,Huertas,Spiral,PSF
264,8154-9102,1-603941,45.96024802,-0.204456525,5.223,Scd,Huertas,Spiral,SFBQB
265,8155-12704,1-38713,53.17033611,0.245738937,3.143,Sab,Huertas,Spiral,PSF
266,8155-3701,1-38612,52.77892683,-0.915973761,5.089,Scd,Huertas,Spiral,PSF
267,8239-6101,1-378327,115.3040684,47.67147842,5.344,Scd,Huertas,Spiral,PSF
268,8241-12705,1-605282,127.6320083,18.2061099,2.394,Sab,Huertas,Spiral,SFB
269,8241-6102,1-460288,126.0596334,17.33195052,4.825,Scd,Huertas,Spiral,SFBQB
270,8241-9101,1-460840,126.8980192,17.91850881,0.433,S0,Huertas,Spiral,SFB
271,8243-12705,1-47765,131.614974,53.04563999,3.184,Sab,Huertas,Spiral,PSF
272,8244-3702,1-47608,131.8150073,51.24580591,3.488,Sab,Huertas,Spiral,SFB
273,8247-3701,1-585433,136.67142,41.365107,2.174388409,Sab,SDSS-DeepLearning,Spiral,QB
274,8249-12703,1-137908,139.559191,45.6516889,3.77,Sab,Huertas,Spiral,SFBQB
275,8249-6101,1-155463,137.5624565,46.29326966,2.259,Sab,Huertas,Spiral,SFBQB
276,8250-12703,1-137912,139.6477435,44.59673701,2.126,Sab,Huertas,Spiral,PSF
277,8250-6101,1-217221,138.75315,42.02438975,0.69,Sab,Huertas,Spiral,PSF
278,8250-6102,1-217210,138.9026162,42.15722314,5.138,Scd,Huertas,Spiral,SFB
279,8252-12704,1-185287,145.9438357,48.29071346,2.557,Sab,Huertas,Spiral,PSF
280,8252-3702,1-156011,144.059863,48.74569769,-1.246,S0,Huertas,Spiral,LSN
281,8253-6104,1-255248,158.2514248,42.92842262,-0.053,S0,Huertas,Spiral,QB
282,8254-12703,1-276761,162.0512761,45.59528997,2.888,Sab,Huertas,Spiral,PSF
283,8257-12701,1-277290,165.4958184,45.22802434,3.814,Sab,Huertas,Spiral,SFBQB
284,8257-3703,1-278062,166.6557003,46.03877757,2.477,Sab,Huertas,Spiral,SFBQB
285,8257-6103,1-277453,164.6420958,45.81253498,2.248,Sab,Huertas,Spiral,QB
286,8258-12703,1-256574,168.1188267,44.15864995,5.031,Scd,Huertas,Spiral,SFBQB
287,8258-12705,1-256002,167.1543766,43.00423735,2.806,Sab,Huertas,Spiral,SFBQB
288,8258-9102,1-256301,167.2555625,44.41189145,2.052,Sab,Huertas,Spiral,LSN
289,8259-12704,1-257957,180.1605688,44.40664558,4.305,Scd,Huertas,Spiral,PSF
290,8259-6103,1-281037,178.8421258,43.76109403,-1.871,S0,Huertas,Spiral,SFBQB
291,8309-9102,1-245472,211.9485642,53.37043704,1.886,Sab,Huertas,Spiral,SFBQB
292,8311-6104,1-568584,205.28273,23.282055,4.007301331,Scd,SDSS-DeepLearning,Spiral,SFBQB
293,8312-12702,1-210923,245.2708705,39.9173908,4.742,Scd,Huertas,Spiral,SFBQB
294,8312-12704,1-633990,247.3041252,41.15087236,2.723,Sab,Huertas,Spiral,SFBQB
295,8312-12705,1-211023,247.1553761,39.69890557,3.66,Sab,Huertas,Spiral,QB
296,8312-3704,1-210754,247.1634847,39.51854615,-0.278,S0,Huertas,Spiral,LSN
297,8313-9101,1-247980,239.6975459,41.93809747,3.421,Sab,Huertas,Spiral,SFBQB
298,8313-9102,1-248357,239.9879455,41.47777513,0.399,S0,Huertas,Spiral,QB
299,8315-12703,1-322802,236.2674028,39.85983111,3.614,Sab,Huertas,Spiral,QB
300,8317-12704,1-259142,193.7039898,44.15556572,-0.289,S0,Huertas,Spiral,SFBQB
301,8317-9101,1-259175,192.4217563,44.29935845,2.457,Sab,Huertas,Spiral,SFB
302,8318-12703,1-284485,196.2324195,47.50364367,3.531,Sab,Huertas,Spiral,QB
303,8318-12704,1-284317,197.1144831,46.56960142,4.491,Scd,Huertas,Spiral,PSF
304,8318-6104,1-284525,198.3192696,47.08756163,5.018,Scd,Huertas,Spiral,SFBQB
305,8320-6101,1-523004,206.6275291,22.70601919,3.627,Sab,Huertas,Spiral,SFB
306,8322-12704,1-625154,199.0513713,30.95029902,1.397,Sab,Huertas,Spiral,SFBQB
307,8322-1901,1-625070,198.7842455,30.40377497,-0.626,S0,Huertas,Spiral,SFBQB
308,8322-6102,1-401757,200.2940658,30.33463956,4.994,Scd,Huertas,Spiral,SFBQB
309,8322-9101,1-591611,199.60756,31.46795,1.507,Sab,Huertas,Spiral,PSF
310,8323-12703,1-591308,195.41605,36.2901,2.996,Sab,Huertas,Spiral,PSF
311,8323-12705,1-624367,196.7939145,34.29800747,3.446,Sab,Huertas,Spiral,QB
312,8323-6101,1-415476,196.9784007,34.08709955,-0.851,S0,Huertas,Spiral,QB
313,8325-9101,1-235186,210.842699,48.25308539,3.084,Sab,Huertas,Spiral,QB
314,8325-9102,1-235306,211.4226539,46.4274417,-1.827,S0,Huertas,Spiral,SFBQB
315,8326-3704,1-235582,214.8502453,45.90079203,-0.577,S0,Huertas,Spiral,LSN
316,8326-6102,1-235576,215.01791,47.12133,1.404184461,Sab,SDSS-DeepLearning,Spiral,SFB
317,8326-9102,1-235611,215.940813,45.93118544,4.261,Scd,Huertas,Spiral,QB
318,8329-6104,1-592743,213.110482,45.69041012,3.006,Sab,Huertas,Spiral,SFBQB
319,8330-12703,1-285737,203.374602,40.52967029,4.311,Scd,Huertas,Spiral,PSF
320,8330-9101,1-285728,203.958723,40.27168728,4.162,Scd,Huertas,Spiral,PSF
321,8331-12702,1-285916,204.9910827,41.33807148,2.384,Sab,Huertas,Spiral,QB
322,8331-12704,1-250997,205.2510318,42.43141163,3.264,Sab,Huertas,Spiral,SFBQB
323,8331-12705,1-260534,206.3344325,41.38893083,0.9,Sab,Huertas,Spiral,QB
324,8332-12701,1-250959,206.7098914,42.65128833,4.391,Scd,Huertas,Spiral,PSF
325,8332-12702,1-251115,207.9288072,43.16660296,3.793,Sab,Huertas,Spiral,QB
326,8333-6102,1-251871,214.5067662,41.82764272,3.901,Sab,Huertas,Spiral,QB
327,8335-12705,1-251686,216.75986,39.95721,4.91,Scd,Huertas,Spiral,SFBQB
328,8335-6102,1-252094,216.9047923,40.4073058,3.552,Sab,Huertas,Spiral,PSF
329,8338-12701,1-614850,172.0511907,21.99684278,3.228,Sab,Huertas,Spiral,PSF
330,8341-12704,1-620993,189.21325,45.65117,4.973887444,Scd,SDSS-DeepLearning,Spiral,SFBQB
331,8439-12702,1-155926,141.5393071,49.31020162,0.428,S0,Huertas,Spiral,QB
332,8439-3701,1-605863,141.46005,49.329855,1.2,Sab,SDSS-DeepLearning,Spiral,QB
333,8439-6102,1-155975,142.7781675,49.07974566,-0.013,S0,Huertas,Spiral,SFBQB
334,8440-12701,1-216540,135.0651103,40.29673791,3.902,Sab,Huertas,Spiral,SFBQB
335,8440-3703,1-216958,136.2002796,40.5917215,-1.086,S0,Huertas,Spiral,SFBQB
336,8440-6102,1-216980,135.7200538,40.34668436,2.082,Sab,Huertas,Spiral,PSF
337,8442-12703,1-625180,199.17463,31.36757,4.388,Scd,Huertas,Spiral,PSF
338,8442-9102,1-625513,200.2228371,32.19076075,2.646,Sab,Huertas,Spiral,SFBQB
339,8443-6102,1-422969,207.0615655,24.77771961,-0.205,S0,Huertas,Spiral,QB
340,8443-6103,1-627397,206.7690385,24.99648302,-0.969,S0,Huertas,Spiral,QB
341,8443-9101,1-592031,206.0169835,25.66351329,3.626,Sab,Huertas,Spiral,SFB
342,8444-12703,1-422040,201.4111053,33.68043282,3.266,Sab,Huertas,Spiral,PSF
343,8445-12701,1-591917,203.95819,34.998949,4.839667797,Scd,SDSS-DeepLearning,Spiral,SFBQB
344,8445-12703,1-409272,207.1261487,35.27274808,0.83,Sab,Huertas,Spiral,PSF
345,8446-6104,1-410704,206.5414146,36.50438552,0.96,Sab,Huertas,Spiral,PSF
346,8447-12701,1-260733,208.054735,39.50147645,5.354,Scd,Huertas,Spiral,SFBQB
347,8448-12703,1-487432,166.808725,23.01924443,4.202,Scd,Huertas,Spiral,QB
348,8448-12705,1-487293,166.75565,22.29621,5.626274586,Scd,SDSS-DeepLearning,Spiral,PSF
349,8449-12701,1-488469,167.3805909,22.42800503,2.134,Sab,Huertas,Spiral,PSF
350,8449-12702,1-488790,168.3751026,23.17700621,4.573,Scd,Huertas,Spiral,PSF
351,8450-12705,1-489642,171.5780599,21.09623577,1.794,Sab,Huertas,Spiral,QB
352,8450-9102,1-491058,172.4285875,21.26002973,2.806,Sab,Huertas,Spiral,SFBQB
353,8452-12703,1-148068,156.805685,48.24479143,3.706,Sab,Huertas,Spiral,QB
354,8452-12704,1-172986,157.3570804,47.23342998,2.613,Sab,Huertas,Spiral,SFBQB
355,8452-3704,1-173030,157.5389942,47.27840298,2.965,Sab,Huertas,Spiral,SFBQB
356,8453-12701,1-147514,151.3099499,46.65088903,5.007,Scd,Huertas,Spiral,SFBQB
357,8454-12702,1-167242,153.0490211,45.14215792,0.956,Sab,Huertas,Spiral,SFBQB
358,8454-6104,1-167488,154.8254403,45.81359448,4.043,Scd,Huertas,Spiral,SFB
359,8456-12701,1-167167,151.1912857,44.70578001,4.871,Scd,Huertas,Spiral,PSF
360,8456-12703,1-147485,151.8291046,46.54643749,3.107,Sab,Huertas,Spiral,PSF
361,8456-12704,1-167337,150.8428784,45.76353607,3.055,Sab,Huertas,Spiral,PSF
362,8456-6101,1-167166,151.2209144,44.63612263,1.341,Sab,Huertas,Spiral,QB
363,8459-3703,1-166947,147.335,43.44299,4.092,Scd,Huertas,Spiral,QB
364,8461-9102,1-166703,146.2067786,42.29380429,3.946,Sab,Huertas,Spiral,PSF
365,8462-12702,1-232333,145.202128,36.45554033,3.756,Sab,Huertas,Spiral,PSF
366,8462-12705,1-606005,145.597388,36.3497095,2.578,Sab,Huertas,Spiral,QB
367,8462-1902,1-301579,146.29654,36.53427,3.56,Sab,Huertas,Spiral,LSN
368,8464-12701,1-258820,186.446891,45.9095701,4.874,Scd,Huertas,Spiral,SFBQB
369,8464-12704,1-282712,187.9368934,46.13158849,3.694,Sab,Huertas,Spiral,PSF
370,8465-12701,1-284428,195.9731683,47.38644446,4.645,Scd,Huertas,Spiral,PSF
371,8465-12705,1-285004,198.2363151,47.45662801,1.758,Sab,Huertas,Spiral,SFBQB
372,8466-9101,1-256860,170.2148472,44.59741198,3.69,Sab,Huertas,Spiral,PSF
373,8481-12701,1-90807,236.7612726,54.34090102,1.631,Sab,Huertas,Spiral,QB
374,8481-1902,1-91339,237.6538589,53.39062197,2.371,Sab,Huertas,Spiral,QB
375,8482-12703,1-93640,245.5031111,49.52078993,4.886,Scd,Huertas,Spiral,QB
376,8482-12705,1-542392,244.2167168,50.28219598,3.254,Sab,Huertas,Spiral,SFBQB
377,8482-1902,1-92547,243.1025647,48.52988604,2.019,Sab,Huertas,Spiral,SFBQB
378,8482-9101,1-92626,241.7995511,48.57256251,3.72,Sab,Huertas,Spiral,QB
379,8482-9102,1-92744,242.9558797,49.22871276,2.577,Sab,Huertas,Spiral,QB
380,8483-12705,1-93466,247.7420749,48.28031115,3.908,Sab,Huertas,Spiral,PSF
381,8484-12703,1-574355,248.78826,46.213895,5.408787727,Scd,SDSS-DeepLearning,Spiral,SFBQB
382,8485-12704,1-209287,233.6852177,48.73152156,2.648,Sab,Huertas,Spiral,PSF
383,8486-6101,1-209428,238.0395529,46.31978973,2.859,Sab,Huertas,Spiral,SFB
384,8547-12701,1-593159,217.6299707,52.70715903,-1.328,S0,Huertas,Spiral,SFBQB
385,8547-6102,1-245670,217.3248602,52.66555988,2.672,Sab,Huertas,Spiral,SFBQB
386,8547-9102,1-630590,218.9763433,53.39163684,3.252,Sab,Huertas,Spiral,SFBQB
387,8548-6102,1-93236,245.522375,46.62420849,2.267,Sab,Huertas,Spiral,SFBQB
388,8548-6104,1-93231,245.7473922,46.67532424,2.335,Sab,Huertas,Spiral,SFBQB
389,8549-12702,1-210017,241.271447,45.44299217,2.917,Sab,Huertas,Spiral,SFBQB
390,8549-3703,1-134239,241.4164424,46.84656069,2.765,Sab,Huertas,Spiral,SFBQB
391,8549-6103,1-134293,240.4187408,46.08529175,4.233,Scd,Huertas,Spiral,PSF
392,8550-12703,1-135054,247.6744302,40.52938938,2.511,Sab,Huertas,Spiral,SFBQB
393,8550-12704,1-211063,247.058406,40.31383667,2.906,Sab,Huertas,Spiral,QB
394,8552-3702,1-321979,226.135574,43.8776585,4.766,Scd,Huertas,Spiral,PSF
395,8552-9101,1-322020,226.9119302,44.55625925,-1.011,S0,Huertas,Spiral,QBSFB
396,8554-12702,1-419536,182.721538,36.54577769,3.192,Sab,Huertas,Spiral,QB
397,8554-12705,1-401919,184.9326102,35.50702159,4.874,Scd,Huertas,Spiral,SFBQB
398,8554-9101,1-419450,182.2828158,37.11086805,3.889,Sab,Huertas,Spiral,PSF
399,8555-12702,1-633832,243.9687671,44.16131928,0.616,Sab,Huertas,Spiral,SFBQB
400,8566-12703,1-43361,116.4660735,41.07568647,1.995,Sab,Huertas,Spiral,PSF
401,8567-12703,1-378715,118.3286949,50.18553928,4.874,Scd,Huertas,Spiral,PSF
402,8567-6101,1-351538,119.1451236,47.56385133,0.645,Sab,Huertas,Spiral,SFBQB
403,8567-9101,1-351506,119.2844834,47.76563742,4.621,Scd,Huertas,Spiral,PSF
404,8588-12702,1-634138,250.31305,39.29009,5.247,Scd,Huertas,Spiral,PSF
405,8588-12705,1-135383,250.3128731,39.7523514,4.285,Scd,Huertas,Spiral,PSF
406,8588-3701,1-210700,248.1405614,39.13102068,2.271,Sab,Huertas,Spiral,QB
407,8591-12701,1-245082,212.271994,53.79535532,2.084,Sab,Huertas,Spiral,PSF
408,8591-12705,1-245404,213.933247,54.04313498,5.151,Scd,Huertas,Spiral,SFBQB
409,8592-6102,1-246470,223.3207946,52.04426247,0.45,S0,Huertas,Spiral,QB
410,8595-12702,1-245980,219.6986859,51.02236282,2.745,Sab,Huertas,Spiral,PSF
411,8595-12705,1-246331,221.7865185,50.19570732,2.982,Sab,Huertas,Spiral,SFB
412,8595-3702,1-197702,219.0427607,50.51882204,3.277,Sab,Huertas,Spiral,QB
413,8595-6102,1-197704,219.593188,50.69630723,4.141,Scd,Huertas,Spiral,PSF
414,8597-12702,1-198153,224.2890789,48.63396851,3.182,Sab,Huertas,Spiral,SFBQB
415,8597-12703,1-246549,225.388974,49.11242912,4.766,Scd,Huertas,Spiral,QB
416,8597-12704,1-246525,225.6056996,48.87768742,2.777,Sab,Huertas,Spiral,QB
417,8600-12701,1-210667,245.7265122,41.52057675,2.952,Sab,Huertas,Spiral,SFBQB
418,8600-12704,1-210631,244.8829237,41.66246267,2.028,Sab,Huertas,Spiral,PSF
419,8600-3703,1-135202,245.8658724,41.70638337,-0.672,S0,Huertas,Spiral,QB
420,8600-6103,1-210593,244.4197543,41.89915449,2.188,Sab,Huertas,Spiral,QB
421,8601-12705,1-135810,250.123144,39.23511449,4.91,Scd,Huertas,Spiral,QB
422,8602-12701,1-569169,247.04817,39.821898,1.3,Sab,SDSS-DeepLearning,Spiral,SFBQB
423,8602-12705,1-211074,247.4626868,39.76651093,2.366,Sab,Huertas,Spiral,QB
424,8602-3701,1-211264,247.3615427,38.41940265,2.88,Sab,Huertas,Spiral,SFBQB
425,8603-12702,1-211227,246.869311,38.86910835,-2.376,S0,Huertas,Spiral,LSN
426,8604-12703,1-135502,247.7641748,39.83850387,0.614,Sab,Huertas,Spiral,QB
427,8606-12701,1-95585,255.0298698,37.83950214,4.151,Scd,Huertas,Spiral,SFBQB
428,8606-12705,1-176546,255.5174418,35.46315599,3.349,Sab,Huertas,Spiral,PSF
429,8612-12702,1-96075,253.9463815,39.31053643,4.647,Scd,Huertas,Spiral,SFBQB
430,8612-6104,1-95843,255.006946,38.81600935,0.628,Sab,Huertas,Spiral,SFBQB
431,8613-12702,1-136125,254.0441402,34.83651981,4.658,Scd,Huertas,Spiral,QB
432,8615-12701,1-179900,319.3895751,-0.134736114,2.67,Sab,Huertas,Spiral,SFBQB
433,8615-3701,1-550901,321.00791,-0.36632361,3.35947752,Sab,SDSS-DeepLearning,Spiral,SFBQB
434,8615-6104,1-179947,319.9018679,0.704249719,-3.735,EII,Huertas,Spiral,QB
435,8615-9102,1-180039,321.4740419,0.416058768,2.76,Sab,Huertas,Spiral,SFBQB
436,8616-12702,1-289846,322.30605,-0.29476536,4.175155163,Scd,SDSS-DeepLearning,Spiral,QB
437,8616-3704,1-180193,322.2420236,-0.342425989,1.579,Sab,Huertas,Spiral,SFBQB
438,8616-6104,1-180334,322.9805307,0.213766757,5.151,Scd,Huertas,Spiral,SFBQB
439,8623-6104,1-190574,311.7809712,0.300460704,1.831,Sab,Huertas,Spiral,SFB
440,8623-9101,1-178698,311.3473642,0.49252863,4.91,Scd,Huertas,Spiral,PSF
441,8624-9102,1-25740,263.8925814,59.88992275,1.98,Sab,Huertas,Spiral,SFBQB
442,8625-12703,1-24161,259.682229,58.13511676,2.94,Sab,Huertas,Spiral,QB
443,8625-12705,1-24375,261.706139,56.81078188,0.656,Sab,Huertas,Spiral,LSN
444,8626-12702,1-634795,263.2053621,56.90127005,1.508,Sab,Huertas,Spiral,SFBQB
445,8626-12703,1-24482,265.1087751,56.70125092,2.359,Sab,Huertas,Spiral,SFBQB
446,8626-1902,1-24246,264.84079,56.56707,2.976,Sab,Huertas,Spiral,SFBQB
447,8626-3703,1-24440,264.6625448,56.82424365,2.417,Sab,Huertas,Spiral,PSF
448,8655-3701,1-29512,356.751828,-0.447387404,-0.055,S0,Huertas,Spiral,SFBQB
449,8712-12704,1-379708,121.0548304,55.39766526,-3.347,EII,Huertas,Spiral,QB
450,8712-6102,1-567961,119.84641,53.635414,4.106784821,Scd,SDSS-DeepLearning,Spiral,PSF
451,8713-6102,1-43589,117.6026928,38.4691486,0.815,Sab,Huertas,Spiral,QB
452,8713-9102,1-71974,118.85539,39.186094,4.792650223,Scd,SDSS-DeepLearning,Spiral,SFBQB
453,8714-6101,1-44210,118.7162481,45.82255463,4.452,Scd,Huertas,Spiral,PSF
454,8715-12701,1-548157,118.3596,50.228421,4.727806568,Scd,SDSS-DeepLearning,Spiral,QB
455,8715-12705,1-378795,118.9256155,50.17277247,3.326,Sab,Huertas,Spiral,QB
456,8715-9101,1-379087,119.9101153,51.79236257,0.227,S0,Huertas,Spiral,SFBQB
457,8716-9102,1-352103,123.0396445,52.45522934,5.39,Scd,Huertas,Spiral,PSF
458,8717-9101,1-71525,118.3448525,36.27437882,2.384,Sab,Huertas,Spiral,QB
459,8718-12701,1-44303,119.1821518,44.85670853,2.453,Sab,Huertas,Spiral,SFB
460,8718-12703,1-45126,122.0688935,45.34837365,5.103,Scd,Huertas,Spiral,PSF
461,8718-6104,1-44633,121.58077,45.74343035,2.091,Sab,Huertas,Spiral,PSF
462,8718-9101,1-44634,121.7627143,45.6764275,4.586,Scd,Huertas,Spiral,SFBQB
463,8719-12702,1-44745,120.1992841,46.69052697,3.547,Sab,Huertas,Spiral,PSF
464,8719-3701,1-548190,121.33414,46.71653,1.660840154,Sab,SDSS-DeepLearning,Spiral,LSN
465,8720-1902,1-351702,122.2617494,50.17867402,1.201,Sab,Huertas,Spiral,PSF
466,8721-12705,1-48560,135.0905155,54.05224378,4.707,Scd,Huertas,Spiral,PSF
467,8721-6103,1-55572,133.1213026,56.11268849,0.853,Sab,Huertas,Spiral,QB
468,8721-9101,1-48535,134.6723823,54.21813819,3.972,Sab,Huertas,Spiral,PSF
469,8724-12701,1-47305,130.3352461,53.93865146,4.827,Scd,Huertas,Spiral,SFBQB
470,8725-3703,1-73009,125.8209596,45.89686489,3.781,Sab,Huertas,Spiral,SFBQB
471,8725-6102,1-73001,125.4590399,45.51963572,3.804,Sab,Huertas,Spiral,SFBQB
472,8726-12701,1-163516,115.71704,22.11273,5.398487091,Scd,SDSS-DeepLearning,Spiral,SFBQB
473,8726-12702,1-217637,116.1838169,22.16017867,2.662,Sab,Huertas,Spiral,SFBQB
474,8727-9102,1-51826,55.13062201,-6.439925088,3.83,Sab,Huertas,Spiral,PSF
475,8728-12701,1-51939,57.72957495,-7.060647007,2.987,Sab,Huertas,Spiral,SFBQB
476,8931-12702,1-622911,192.7649442,27.36996624,4.395,Scd,Huertas,Spiral,SFBQB
477,8931-12704,1-456341,194.5065033,27.48967595,0.293,S0,Huertas,Spiral,LSN
478,8931-9101,1-455633,193.0738357,27.08555223,2.074,Sab,Huertas,Spiral,SFBQB
479,8932-12701,1-456376,194.1191224,27.29124638,5.318,Scd,Huertas,Spiral,PSF
480,8932-12704,1-457200,196.4728711,28.11243441,3.332,Sab,Huertas,Spiral,PSF
481,8934-12701,1-403703,196.1627918,28.62890384,4.899,Scd,Huertas,Spiral,PSF
482,8934-12702,1-456984,195.35885,27.885985,3.052526236,Sab,SDSS-DeepLearning,Spiral,QB
483,8935-6104,1-457196,195.5329081,27.64831391,-0.356,S0,Huertas,Spiral,SFBQB
484,8936-3703,1-604846,117.54378,30.68509,4.368,Scd,Huertas,Spiral,PSF
485,8938-12702,1-201756,120.8143845,30.79651084,3.745,Sab,Huertas,Spiral,QB
486,8938-3701,1-201798,120.1476042,30.40174788,-2.697,S0,Huertas,Spiral,SFBQB
487,8939-12703,1-298868,125.6032737,25.50907914,2.246,Sab,Huertas,Spiral,QB
488,8940-12702,1-163966,120.0874176,26.6135273,-2.508,S0,Huertas,Spiral,SFBQB
489,8940-9101,1-163959,119.9838849,26.38296615,3.002,Sab,Huertas,Spiral,PSF
490,8941-1901,1-146247,120.7239767,28.45712478,5.295,Scd,Huertas,Spiral,QB
491,8941-6103,1-163908,121.3313033,27.07113401,4.969,Scd,Huertas,Spiral,PSF
492,8942-12702,1-218280,124.0033097,27.0758952,3.143,Sab,Huertas,Spiral,QB
493,8942-6102,1-218412,124.2674797,28.31508902,3.355,Sab,Huertas,Spiral,PSF
494,8943-3702,1-558139,155.62507,36.599312,4.187556744,Scd,SDSS-DeepLearning,Spiral,QB
495,8945-12701,1-588617,171.8980809,47.37939497,2.589,Sab,Huertas,Spiral,PSF
496,8945-6104,1-279675,174.1281156,47.81722631,-2.028,S0,Huertas,Spiral,QB
497,8946-6101,1-278221,168.7520935,46.63452513,-0.895,S0,Huertas,Spiral,SFBQB
498,8947-12703,1-174618,172.8866862,49.85750356,4.177,Scd,Huertas,Spiral,QB
499,8947-12704,1-149147,171.1026539,51.23494063,-0.233,S0,Huertas,Spiral,QB
500,8947-1901,1-149572,171.3836994,51.18040881,3.336,Sab,Huertas,Spiral,SFBQB
501,8947-9101,1-149200,168.7345056,50.33487297,2.696,Sab,Huertas,Spiral,SFBQB
502,8948-12702,1-148954,164.9711027,50.01520096,2.253,Sab,Huertas,Spiral,QB
503,8948-12704,1-173958,167.3060196,49.5194324,2.845,Sab,Huertas,Spiral,SFBQB
504,8950-1901,1-456687,194.8195129,27.10612979,3.686,Sab,Huertas,Spiral,SFB
505,8952-12701,1-626830,204.6838316,26.32853817,3.351,Sab,Huertas,Spiral,QB
506,8952-6103,1-626829,204.6741792,27.74241086,2.285,Sab,Huertas,Spiral,SFBQB
507,8977-12705,1-153246,119.0443575,33.2450541,3.813,Sab,Huertas,Spiral,PSF
508,8977-6103,1-604824,116.7539488,34.30028473,3.771,Sab,Huertas,Spiral,QB
509,8978-9101,1-135044,247.9079959,41.4936431,2.271,Sab,Huertas,Spiral,SFBQB
510,8979-12701,1-210173,241.341763,42.48831227,4.071,Scd,Huertas,Spiral,QB
511,8979-3704,1-210461,244.4229653,40.93381763,-1.852,S0,Huertas,Spiral,SFBQB
512,8979-6102,1-248420,241.8233892,41.40360426,5.27,Scd,Huertas,Spiral,SFBQB
513,8980-12704,1-236133,225.59269,41.92164,3.821,Sab,Huertas,Spiral,PSF
514,8980-12705,1-235988,223.9840927,42.15978259,3.488,Sab,Huertas,Spiral,PSF
515,8982-12703,1-395528,203.8066634,27.63003609,4.862,Scd,Huertas,Spiral,PSF
516,8982-6104,1-626502,203.0570626,26.94998106,2.662,Sab,Huertas,Spiral,SFBQB
517,8982-9102,1-626395,202.6892,26.52161,4.568,Scd,Huertas,Spiral,PSF
518,8983-12701,1-626658,203.8302081,26.42478084,1.722,Sab,Huertas,Spiral,SFBQB
519,8983-12705,1-626684,203.9100443,25.87523738,4.611,Scd,Huertas,Spiral,SFBQB
520,8983-3703,1-458396,205.438407,27.00473778,4.706,Scd,Huertas,Spiral,SFBQB
521,8983-3704,1-423024,206.0079498,25.94119866,2.264,Sab,Huertas,Spiral,SFBQB
522,8983-9101,1-568624,205.1294,26.307357,2.452629089,Sab,SDSS-DeepLearning,Spiral,SFBQB
523,8984-12704,1-395533,203.9376877,27.86760478,4.755,Scd,Huertas,Spiral,SFBQB
524,8985-12702,1-415939,204.8595839,31.20799938,1.896,Sab,Huertas,Spiral,QB
525,8985-12703,1-420924,204.5543592,32.82284388,3.398,Sab,Huertas,Spiral,SFBQB
526,8985-6102,1-420636,205.076051,32.1531397,4.44,Scd,Huertas,Spiral,PSF
527,8985-6104,1-627238,206.1984171,31.6156729,1.36,Sab,Huertas,Spiral,SFBQB
528,8985-9102,1-416039,205.8733962,31.00321782,4.624,Scd,Huertas,Spiral,QB
529,8987-12702,1-386453,136.1381993,28.34986231,3.343,Sab,Huertas,Spiral,PSF
530,8987-3703,1-386452,136.2283393,28.3843145,-2.137,S0,Huertas,Spiral,SFBQB
531,8987-6104,1-386822,137.1185688,28.91103516,2.724,Sab,Huertas,Spiral,SFBQB
532,8987-9102,1-386695,137.9835056,27.8992697,2.137,Sab,Huertas,Spiral,PSF
533,8989-1901,1-149758,176.0842643,51.01933033,3.254,Sab,Huertas,Spiral,PSF
534,8989-3703,1-617323,177.4403602,50.52701641,-1.453,S0,Huertas,Spiral,SFBQB
535,8989-9101,1-174947,176.3587338,49.87904056,-0.404,S0,Huertas,Spiral,QB
536,8992-3702,1-149561,171.6572619,51.57304126,2.048,Sab,Huertas,Spiral,SFBQB
537,8992-6101,1-149536,172.1044999,51.02835289,-1.191,S0,Huertas,Spiral,SFBQB
538,8992-6103,1-149471,173.0378439,50.76553501,-0.084,S0,Huertas,Spiral,QB
539,8993-12701,1-612080,164.8639457,46.12238958,3.009,Sab,Huertas,Spiral,QB
540,8993-12702,1-277300,165.0474517,45.73782647,3.675,Sab,Huertas,Spiral,QB
541,8995-12705,1-150370,177.8445354,53.44418929,-1.917,S0,Huertas,Spiral,QB
542,8995-3702,1-188548,175.5340603,55.42360125,3.963,Sab,Huertas,Spiral,LSN
543,8996-6102,1-187394,173.0009117,53.71410095,1.325,Sab,Huertas,Spiral,PSF
544,8997-3701,1-149170,170.5622762,50.74233595,2.22,Sab,Huertas,Spiral,SFBQB
545,9002-12704,1-314817,224.7371954,31.7866498,4.383,Scd,Huertas,Spiral,SFBQB
546,9024-12705,1-314409,223.8674592,32.84002812,4.827,Scd,Huertas,Spiral,SFBQB
547,9024-9101,1-262322,224.024527,34.48183067,2.49,Sab,Huertas,Spiral,QB
548,9025-12704,1-633942,246.0507636,30.16226141,4.477,Scd,Huertas,Spiral,SFBQB
549,9025-1902,1-324033,246.358197,30.30944782,3.744,Sab,Huertas,Spiral,SFBQB
550,9025-3702,1-272047,245.8773622,30.19768861,4.537,Scd,Huertas,Spiral,SFBQB
551,9025-3703,1-594452,246.3161955,30.32413739,4.131,Scd,Huertas,Spiral,QB
552,9025-6104,1-272639,247.3612662,29.54112602,2.945,Sab,Huertas,Spiral,SFBQB
553,9026-12702,1-94748,249.5250825,43.82611815,5.427,Scd,Huertas,Spiral,PSF
554,9026-12705,1-94696,251.4584885,43.86647309,-0.737,S0,Huertas,Spiral,QB
555,9026-9101,1-94784,249.3184192,44.41822961,-2.345,S0,Huertas,Spiral,SFBQB
556,9027-12704,1-323794,245.3466469,32.34901365,3.326,Sab,Huertas,Spiral,SFBQB
557,9028-12701,1-269179,242.1009587,29.75483435,3.063,Sab,Huertas,Spiral,SFBQB
558,9028-12702,1-633759,242.9750663,30.33278322,3.215,Sab,Huertas,Spiral,QB
559,9028-12704,1-633815,243.61579,29.973833,4.709045887,Scd,SDSS-DeepLearning,Spiral,QB
560,9029-12704,1-135285,247.2169531,42.81201135,2.963,Sab,Huertas,Spiral,SFBQB
561,9029-12705,1-135078,247.57942,41.102079,5.612198353,Scd,SDSS-DeepLearning,Spiral,QB
562,9029-6102,1-594453,246.3929149,41.6813939,3.287,Sab,Huertas,Spiral,PSF
563,9033-12705,1-576436,224.0181831,45.40526587,2.819,Sab,Huertas,Spiral,SFBQB
564,9033-9102,1-321725,223.3526193,46.48558549,2.472,Sab,Huertas,Spiral,PSF
565,9034-12705,1-198664,227.5366807,46.10468066,2.721,Sab,Huertas,Spiral,SFBQB
566,9035-12705,1-247739,236.3775268,44.01637903,4.475,Scd,Huertas,Spiral,PSF
567,9038-12703,1-248056,238.7463314,42.10536912,2.61,Sab,Huertas,Spiral,SFBQB
568,9041-12703,1-264254,234.6793022,30.67128856,3.915,Sab,Huertas,Spiral,SFBQB
569,9042-12702,1-375213,232.096991,28.22947097,3.626,Sab,Huertas,Spiral,SFBQB
570,9042-12703,1-316872,235.1526786,28.51243552,2.621,Sab,Huertas,Spiral,SFBQB
571,9042-6101,1-375134,232.5510737,27.13411679,0.91,Sab,Huertas,Spiral,SFBQB
572,9043-12704,1-632653,231.34751,29.17189,4.943,Scd,Huertas,Spiral,PSF
573,9045-12704,1-315206,227.9014183,31.71314508,2.359,Sab,Huertas,Spiral,SFBQB
574,9045-9101,1-631890,227.2002436,30.17055255,-0.8,S0,Huertas,Spiral,PSF
575,9047-12703,1-269638,247.6884257,26.09524954,5.007,Scd,Huertas,Spiral,QB
576,9048-12704,1-295955,244.6986576,25.18873828,5.054,Scd,Huertas,Spiral,PSF
577,9048-9101,1-296334,245.0567109,25.71008745,1.872,Sab,Huertas,Spiral,SFBQB
578,9049-12702,1-295476,247.929085,25.2941089,5.27,Scd,Huertas,Spiral,SFBQB
579,9049-1901,1-269632,247.560973,26.20647356,-0.87,S0,Huertas,Spiral,SFBQB
580,9049-3702,1-269634,247.6623304,25.98689725,3.061,Sab,Huertas,Spiral,SFBQB
581,9085-12703,1-178557,260.3062712,29.18589109,3.118,Sab,Huertas,Spiral,SFBQB
582,9085-9101,1-177985,259.6484198,29.25147616,2.685,Sab,Huertas,Spiral,QB
583,9088-12702,1-265589,242.3154737,25.71246957,3.835,Sab,Huertas,Spiral,QB
584,9095-12701,1-376413,241.9136393,23.41686603,1.872,Sab,Huertas,Spiral,SFBQB
585,9095-1901,1-317822,242.8100517,24.22502189,-3.276,EII,Huertas,Spiral,SFBQB
586,9182-12703,1-43868,118.774527,40.04129635,2.502,Sab,Huertas,Spiral,SFBQB
587,9182-6101,1-72087,120.3212778,39.21682242,0.701,Sab,Huertas,Spiral,QB
588,9183-12703,1-72242,120.7525704,39.86913754,2.93,Sab,Huertas,Spiral,PSF
589,9184-12701,1-201913,119.7990417,31.80787429,3.454,Sab,Huertas,Spiral,QB
590,9184-3702,1-153086,119.3430278,33.06242882,-2.098,S0,Huertas,Spiral,LSN
591,9184-3704,1-201922,119.9947937,31.89332414,2.787,Sab,Huertas,Spiral,SFBQB
592,9185-12705,1-547339,258.5824636,33.54888464,3.071,Sab,Huertas,Spiral,PSF
593,9193-12702,1-37822,46.37325449,-0.381932334,2.993,Sab,Huertas,Spiral,PSF
594,9193-6102,1-37386,46.30469131,-1.006335855,2.744,Sab,Huertas,Spiral,SFBQB
595,9193-9101,1-37385,46.29419684,-1.075470365,-1.232,S0,Huertas,Spiral,SFBQB
596,9195-3703,1-603039,29.0522287,14.90663913,-1.088,S0,Huertas,Spiral,SFBQB
597,9195-9101,1-42646,28.07922608,13.63405605,3.131,Sab,Huertas,Spiral,SFBQB
598,9196-12701,1-595146,260.12645,52.643041,2.709206104,Sab,SDSS-DeepLearning,Spiral,QB
599,9196-12703,1-24660,262.3992827,54.49442367,2.611,Sab,Huertas,Spiral,SFBQB
600,9485-12705,1-153627,121.7799375,36.23347854,0.222,S0,Huertas,Spiral,SFBQB
601,9486-12702,1-72207,121.1295952,40.20604481,2.377,Sab,Huertas,Spiral,SFBQB
602,9487-12701,1-44618,122.5228733,46.19302521,2.722,Sab,Huertas,Spiral,SFBQB
603,9487-12704,1-45581,123.6863983,46.41497528,4.825,Scd,Huertas,Spiral,PSF
604,9487-3704,1-44974,123.6620484,44.39464312,4.034,Scd,Huertas,Spiral,PSF
605,9487-9102,1-574504,123.8203258,46.07525334,-0.523,S0,Huertas,Spiral,SFBQB
606,9490-12702,1-382980,121.1375351,19.85125851,4.766,Scd,Huertas,Spiral,PSF
607,9490-6102,1-383264,122.12768,19.2084717,3.313,Sab,Huertas,Spiral,SFBQB
608,9492-6101,1-382326,117.3005506,17.56616409,2.683,Sab,Huertas,Spiral,QB
609,9492-6103,1-297950,116.5517882,18.71036932,2.64,Sab,Huertas,Spiral,PSF
610,9492-9102,1-382306,118.2136837,17.56001892,3.669,Sab,Huertas,Spiral,PSF
611,9493-1902,1-413033,129.9614953,23.14334857,-2.661,S0,Huertas,Spiral,SFBQB
612,9494-9102,1-384848,127.4348389,22.42439637,4.03,Scd,Huertas,Spiral,SFBQB
613,9500-12704,1-605482,131.9825395,25.83167113,0.097,S0,Huertas,Spiral,QB
614,9501-6102,1-385091,129.6691733,25.58717644,0.322,S0,Huertas,Spiral,QB
615,9502-12703,1-385099,129.54557,24.895295,4.379243851,Scd,SDSS-DeepLearning,Spiral,SFBQB
616,9502-6101,1-385123,129.394959,24.61256772,-0.204,S0,Huertas,Spiral,SFBQB
617,9505-12704,1-387161,139.0781202,28.88907387,5.031,Scd,Huertas,Spiral,PSF
618,9506-6102,1-386150,133.7598432,26.67534627,4.393,Scd,Huertas,Spiral,PSF
619,9506-9101,1-385972,133.58894,27.16722614,3.601,Sab,Huertas,Spiral,QB
620,9507-12701,1-298752,128.250742,26.01405069,4.416,Scd,Huertas,Spiral,PSF
621,9507-12702,1-299013,128.4945619,26.10679727,3.408,Sab,Huertas,Spiral,-
622,9508-12701,1-298823,126.5145002,25.59458518,3.781,Sab,Huertas,Spiral,SFBQB
623,9508-12704,1-298938,127.1059539,26.39737016,2.227,Sab,Huertas,Spiral,SFBQB
624,9508-6104,1-298966,127.5530165,26.62732295,0.256,S0,Huertas,Spiral,SFBQB
625,9510-12703,1-230670,128.0264348,29.23625131,2.636,Sab,Huertas,Spiral,SFBQB
626,9512-3704,1-53880,138.1512607,0.30949101,1.874,Sab,Huertas,Spiral,SFBQB
627,9865-6103,1-246565,225.0079245,49.7468096,1.294,Sab,Huertas,Spiral,QB
628,9868-6102,1-321256,219.2275407,46.80176837,1.424,Sab,Huertas,Spiral,QB
629,9870-6103,1-569138,233.22829,44.538732,2.117781878,Sab,SDSS-DeepLearning,Spiral,SFBQB
630,9870-9101,1-199368,233.2834463,44.53567898,2.467,Sab,Huertas,Spiral,QB
631,9871-12701,1-321938,227.3292399,42.6750722,3.254,Sab,Huertas,Spiral,PSF
632,9871-12702,1-593698,228.2807335,41.26461964,4.922,Scd,Huertas,Spiral,QB
633,9871-12705,1-593702,228.37217,42.330255,4.941966534,Scd,SDSS-DeepLearning,Spiral,PSF
634,9872-6101,1-322581,233.1362914,41.98044171,5.175,Scd,Huertas,Spiral,PSF
635,9872-9102,1-593934,234.1347068,41.79929391,3.807,Sab,Huertas,Spiral,SFBQB
636,9876-6101,1-623893,195.5532271,28.21485166,4.498,Scd,Huertas,Spiral,PSF
637,9876-9102,1-457147,195.855551,28.01401128,3.014,Sab,Huertas,Spiral,LSN
638,9881-12702,1-523178,204.9990646,24.00808984,3.495,Sab,Huertas,Spiral,PSF
639,9881-12705,1-523085,205.3735703,23.16696442,2.77,Sab,Huertas,Spiral,SFBQB
640,9883-12701,1-176644,255.5233088,31.79742915,-3.511,EII,Huertas,Spiral,PSF
641,9883-12704,1-176925,256.5507674,33.55523016,2.774,Sab,Huertas,Spiral,SFBQB
642,9883-9102,1-176947,256.6413907,33.69298316,4.2,Scd,Huertas,Spiral,SFB
643,9888-12701,1-593975,235.47582,28.133979,3.24897337,Sab,SDSS-DeepLearning,Spiral,QB
644,9888-12704,1-316945,236.0063392,28.27702878,2.408,Sab,Huertas,Spiral,SFBQB
