specObjID,sigma_balmer,sigma_balmer_err,sigma_forbidden,sigma_forbidden_err,v_off_balmer,v_off_balmer_err,v_off_forbidden,v_off_forbidden_err,oii_3726_cont,oii_3726_cont_err,oii_3726_reqw,oii_3726_reqw_err,oii_3726_eqw,oii_3726_eqw_err,oii_3726_flux,oii_3726_flux_err,oii_3726_inst_res,oii_3726_chisq,oii_3729_cont,oii_3729_cont_err,oii_3729_reqw,oii_3729_reqw_err,oii_3729_eqw,oii_3729_eqw_err,oii_3729_flux,oii_3729_flux_err,oii_3729_inst_res,oii_3729_chisq,neiii_3869_cont,neiii_3869_cont_err,neiii_3869_reqw,neiii_3869_reqw_err,neiii_3869_eqw,neiii_3869_eqw_err,neiii_3869_flux,neiii_3869_flux_err,neiii_3869_inst_res,neiii_3869_chisq,h_delta_cont,h_delta_cont_err,h_delta_reqw,h_delta_reqw_err,h_delta_eqw,h_delta_eqw_err,h_delta_flux,h_delta_flux_err,h_delta_inst_res,h_delta_chisq,h_gamma_cont,h_gamma_cont_err,h_gamma_reqw,h_gamma_reqw_err,h_gamma_eqw,h_gamma_eqw_err,h_gamma_flux,h_gamma_flux_err,h_gamma_inst_res,h_gamma_chisq,oiii_4363_cont,oiii_4363_cont_err,oiii_4363_reqw,oiii_4363_reqw_err,oiii_4363_eqw,oiii_4363_eqw_err,oiii_4363_flux,oiii_4363_flux_err,oiii_4363_inst_res,oiii_4363_chisq,h_beta_cont,h_beta_cont_err,h_beta_reqw,h_beta_reqw_err,h_beta_eqw,h_beta_eqw_err,h_beta_flux,h_beta_flux_err,h_beta_inst_res,h_beta_chisq,oiii_4959_cont,oiii_4959_cont_err,oiii_4959_reqw,oiii_4959_reqw_err,oiii_4959_eqw,oiii_4959_eqw_err,oiii_4959_flux,oiii_4959_flux_err,oiii_4959_inst_res,oiii_4959_chisq,oiii_5007_cont,oiii_5007_cont_err,oiii_5007_reqw,oiii_5007_reqw_err,oiii_5007_eqw,oiii_5007_eqw_err,oiii_5007_flux,oiii_5007_flux_err,oiii_5007_inst_res,oiii_5007_chisq,hei_5876_cont,hei_5876_cont_err,hei_5876_reqw,hei_5876_reqw_err,hei_5876_eqw,hei_5876_eqw_err,hei_5876_flux,hei_5876_flux_err,hei_5876_inst_res,hei_5876_chisq,oi_6300_cont,oi_6300_cont_err,oi_6300_reqw,oi_6300_reqw_err,oi_6300_eqw,oi_6300_eqw_err,oi_6300_flux,oi_6300_flux_err,oi_6300_inst_res,oi_6300_chisq,nii_6548_cont,nii_6548_cont_err,nii_6548_reqw,nii_6548_reqw_err,nii_6548_eqw,nii_6548_eqw_err,nii_6548_flux,nii_6548_flux_err,nii_6548_inst_res,nii_6548_chisq,h_alpha_cont,h_alpha_cont_err,h_alpha_reqw,h_alpha_reqw_err,h_alpha_eqw,h_alpha_eqw_err,h_alpha_flux,h_alpha_flux_err,h_alpha_inst_res,h_alpha_chisq,nii_6584_cont,nii_6584_cont_err,nii_6584_reqw,nii_6584_reqw_err,nii_6584_eqw,nii_6584_eqw_err,nii_6584_flux,nii_6584_flux_err,nii_6584_inst_res,nii_6584_chisq,sii_6717_cont,sii_6717_cont_err,sii_6717_reqw,sii_6717_reqw_err,sii_6717_eqw,sii_6717_eqw_err,sii_6717_flux,sii_6717_flux_err,sii_6717_inst_res,sii_6717_chisq,sii_6731_cont,sii_6731_cont_err,sii_6731_reqw,sii_6731_reqw_err,sii_6731_eqw,sii_6731_eqw_err,sii_6731_flux,sii_6731_flux_err,sii_6731_inst_res,sii_6731_chisq,ariii7135_cont,ariii7135_cont_err,ariii7135_reqw,ariii7135_reqw_err,ariii7135_eqw,ariii7135_eqw_err,ariii7135_flux,ariii7135_flux_err,ariii7135_inst_res,ariii7135_chisq,oii_sigma,oii_flux,oii_flux_err,oii_voff,oii_chi2,oiii_sigma,oiii_flux,oiii_flux_err,oiii_voff,oiii_chi2,spectofiber,name,Column1,ra,dec,plate,mjd,fiberid
842329848188790784,288.6247,43.08459,177.845,14.64737,59.20667,39.52655,15.14113,15.72856,29.80305,3.595937,-2.399644,0.5327376,-4.446731,0.5327376,39.10642,17.63796,71.59895,1.262373,29.76441,3.600834,-2.399644,0.5327376,-4.446731,0.5327376,99.51125,18.01336,71.5458,1.150877,28.02537,2.84118,0.08376467,0.434529,-0.6471967,0.434529,21.74278,8.563478,68.77848,0.5735209,52.63051,2.244687,-0.0108894,0.2352908,-0.6011545,0.2352908,28.50993,10.73043,64.69732,0.3603655,63.77676,2.937398,-1.294595,0.2066394,-1.040105,0.2066394,47.5421,11.66094,61.16552,1.137785,65.53857,3.089828,-0.9281985,0.2380508,0.5987894,0.2380508,-9.177258,9.499196,60.87168,1.134044,88.19139,2.419364,1.474047,0.156433,-0.3635983,0.156433,41.83265,12.96199,55.54055,0.4845928,90.50374,2.851306,-0.5470421,0.1637893,0.0009516872,0.1637893,21.56495,10.98816,54.77288,0.9033704,88.31512,3.263,0.3798062,0.1622332,-0.9053604,0.1622332,63.88203,11.06611,54.4227,1.690909,106.1397,2.564472,0.5114142,0.1425421,0.2350574,0.1425421,-27.25469,15.52537,63.61609,1.059838,103.1985,2.2703,-0.2046134,0.151573,-0.09144834,0.151573,10.24787,13.0971,61.90963,0.396714,108.2751,5.578514,-0.9032246,0.1520373,-0.7425617,0.1520373,71.81938,5.985331,59.94742,0.1916214,108.0478,5.50709,0.07943644,0.1502292,-1.340667,0.1502292,154.0664,21.3448,59.83862,0.2669222,107.5777,4.075194,-2.034354,0.166711,-2.040298,0.166711,216.6238,18.05312,59.66876,0.4556889,105.5223,2.686361,-0.4738427,0.1531346,-0.6337448,0.1531346,62.61014,14.19058,58.59824,0.09466723,105.4009,2.492708,-0.5282699,0.1535233,-0.4776691,0.1535233,49.06318,14.32707,58.48622,0.1416234,99.35722,1.575575,0.2207478,0.1125743,0.01555621,0.1125743,-10.19935,13.95086,55.27552,0.3734173,136.4737,131.7966,62.92869,85.41609,1.234777,220.8059,73.12283,14.21484,25.3302,1.478307,0.7719558,1-119212,842329848188790784,356.6923,16.04308,748,52233,570
1784705058789681152,66.0763,0.8773971,72.20332,1.395761,11.32574,0.7522084,6.528615,1.181889,18.76331,3.396656,0,-1,0,-1,0,-0.7405516,0,0,18.76331,3.296937,0,-1,0,-1,0,-0.7405516,0,0,39.08644,2.559971,-1.515073,0.2442719,-0.5085664,0.2442719,6.927561,4.651465,69.68754,1.15859,46.97574,2.0489,1.675887,0.1704558,-1.708129,0.1704558,87.30874,4.176711,65.87196,1.010428,47.40723,1.899361,-0.9050912,0.175952,-3.274307,0.175952,150.5748,4.680033,62.54442,1.48695,48.54862,2.060663,-1.200739,0.2001948,-0.4371273,0.2001948,8.050591,4.220778,62.25335,1.390561,53.91017,1.466434,-3.211889,0.16436,-6.337692,0.16436,353.4336,6.448607,56.9113,2.926146,54.6083,1.552441,-0.8160949,0.1463528,-0.4708631,0.1463528,33.98097,4.304752,56.12903,0.9191126,54.20255,1.481349,-1.31028,0.1499867,-2.000255,0.1499867,110.8084,4.97737,55.74743,1.607489,57.82098,1.613124,-0.7993815,0.1228256,-0.7925301,0.1228256,41.79065,4.200341,60.51519,1.099822,55.01701,1.348802,-0.5979748,0.1308439,-0.5420876,0.1308439,30.13955,4.411041,62.9861,0.902747,56.01433,1.474983,-3.513403,0.1439546,-3.465666,0.1439546,197.5318,2.780863,60.45317,0.711992,56.03796,1.41743,-24.72123,0.2774909,-26.9485,0.2774909,1495.863,14.59699,60.29408,15.47997,55.96278,1.552807,-10.55759,0.1887726,-10.6539,0.1887726,595.8014,8.387717,60.05842,3.466147,55.57894,1.391789,-5.166788,0.1569554,-5.329939,0.1569554,293.4198,6.885004,58.57685,1.97227,55.51313,1.205846,-3.877331,0.1561003,-3.900041,0.1561003,219.7554,6.581223,58.42073,2.855139,52.44753,1.066733,0.0667491,0.1086135,-0.1360845,0.1086135,8.491916,5.345106,53.93851,0.3920702,110.282,0,1.047298,18.90341,0,69.94028,110.4212,5.567361,-8.319555,0.4617508,0.7405516,1-298715,1784705058789681152,125.3617,24.45309,1585,52962,559
484217805537830912,43.53162,3.480962,37.14263,7.851255,5.710022,2.200278,2.644507,4.282197,0,0,0,-1,0,-1,0,-0.7665192,0,0,29.07187,4.081469,0,-1,0,-1,0,-0.7665192,0,0,9.219064,2.542964,-2.289725,1.055692,-0.9136403,1.055692,3.491238,4.425754,85.78109,0.6195039,10.96338,1.934547,2.450158,0.6835135,-0.5603009,0.6835135,6.425594,3.705864,80.28085,2.096946,10.95522,1.74426,0.5928594,0.6036437,-1.348087,0.6036437,16.86488,3.111837,75.272,0.597156,11.38427,1.715722,-1.925147,0.685295,-0.9826387,0.685295,-1.728951,3.058804,74.84173,1.084168,11.93554,1.20636,0.9209915,0.439631,-1.925564,0.439631,28.99681,2.708414,66.46532,0.3862252,11.99732,1.188205,-1.110864,0.4429434,-0.5601867,0.4429434,4.991128,2.465676,65.11844,0.5088992,11.95953,1.110865,-0.6854873,0.4407328,-1.341718,0.4407328,12.7823,2.633511,64.48354,0.1265293,12.25474,0.9580942,-0.2062217,0.3819836,-0.07163455,0.3819836,2.195375,2.470476,63.78572,0.902513,11.56926,0.5890539,-0.2379128,0.2950033,-0.2695447,0.2950033,4.515084,1.822517,62.20663,0.51622,11.41948,0.4934967,-1.040108,0.2909741,-0.8429401,0.2909741,9.642113,0.6596648,59.46032,0.7901868,11.4023,0.5021541,-6.807208,0.3132238,-8.854762,0.3132238,102.7122,2.727006,59.30489,2.143898,11.3933,0.5199273,-2.66284,0.2877192,-2.634649,0.2877192,29.08284,1.989699,59.08913,0.4546111,11.3564,0.5715641,-2.136069,0.3237495,-2.290876,0.3237495,25.48173,2.274752,57.79359,0.2388618,11.35454,0.5830041,-0.9849571,0.315387,-1.047639,0.315387,15.87515,2.293945,57.66439,1.057941,10.60595,0.5712088,0.2933375,0.2409279,0.02108884,0.2409279,-0.8168906,1.941452,54.35825,0.6692756,39.53303,0,1.084022,5.178232,0,36.71967,12.77466,3.051373,4.835705,0.1415291,0.7665192,1-42704,484217805537830912,27.65368,13.11023,430,51877,294
2524358095648352256,126.4211,38.02233,500,0,-51.92151,33.60266,215.1151,85.80358,10.41615,1.822012,0,-1,0,-1,-88716.34,1443708,0,0,10.41615,1.859918,0,-1,0,-1,22416.45,291819.9,0,0,19.15452,1.927546,0.5036645,0.3811861,0.2832734,0.3811861,-6.030992,7.79241,71.18827,0.9066492,36.23491,1.70812,0.7043484,0.201969,0.06921253,0.201969,0.5173625,4.197152,67.7814,1.997572,41.50496,1.660773,-0.7782294,0.1797444,-0.1353022,0.1797444,8.472246,4.285182,64.68536,0.7177988,43.08879,1.606351,-0.5633333,0.2017921,0.6365224,0.2017921,-25.19267,8.50693,64.41999,0.6618606,55.65495,1.792531,1.614635,0.1396752,-0.4509156,0.1396752,17.88619,5.139643,59.28405,0.659674,55.04332,1.698438,-0.1602628,0.1428321,0.3470156,0.1428321,-27.31485,9.49032,58.46638,0.8046713,53.41438,1.694655,0.6190907,0.1414018,-0.4089082,0.1414018,33.10323,9.206181,58.08217,0.8209283,58.77647,1.400536,0.07660133,0.1192671,0.1222407,0.1192671,-3.865757,4.989093,65.50207,0.5310952,55.84145,1.072687,0.1187819,0.1277993,0.1631754,0.1277993,-10.59706,9.780751,66.24017,0.525652,57.40842,1.095084,-0.4047956,0.1292131,-0.2056182,0.1292131,6.245525,3.22119,62.25643,0.6364293,57.34604,1.065025,1.299217,0.1202156,-0.4189776,0.1202156,20.02182,5.702168,62.02287,0.3694306,57.14693,1.106913,-0.1631041,0.1273377,-0.2055754,0.1273377,18.83795,9.715842,61.6972,0.5521972,55.33671,0.9398143,0.2143345,0.1291574,-0.03957399,0.1291574,5.201916,13.65549,59.71343,0.5890611,55.24059,0.9387237,0.149341,0.1380322,0.1121404,0.1380322,-13.14892,14.22647,59.51272,0.5326793,52.05227,1.295892,0.384781,0.1143456,0.3003256,0.1143456,-61.62064,11.14189,54.33478,0.7476788,113.9385,0,1.026211,-57.04817,0,410.879,30.73651,9.57101,274.8649,0.9096038,0.7256404,1-623756,2524358095648352256,195.2885,27.81833,2242,54153,329
1425427260663425024,209.1359,31.42093,204.0856,17.41689,33.32345,29.74154,31.48424,17.18972,19.14514,3.349513,-1.37149,0.5897369,-2.53634,0.5897369,56.46859,13.72572,84.53594,0.9521402,19.18035,3.348299,-1.37149,0.5897369,-2.53634,0.5897369,-3.906221,13.4255,84.47083,0.8665276,18.5221,2.217643,0.381467,0.513168,-0.6037047,0.513168,11.75143,6.918649,81.03523,1.137647,36.50602,1.740838,0.1736002,0.2251531,-0.06534728,0.2251531,1.829676,5.958395,75.75953,0.5475787,44.54613,1.838028,-0.9281719,0.1950561,-0.4879162,0.1950561,18.76183,6.565688,70.92899,0.8890715,45.56575,1.823972,-1.177522,0.2201574,0.340511,0.2201574,-8.656209,6.531967,70.5126,0.9834681,61.90069,2.074532,1.21051,0.1373028,-0.7336259,0.1373028,40.54081,7.214366,62.35335,0.9869408,62.14505,1.708259,-0.6636031,0.1415524,-0.0102276,0.1415524,10.21028,6.921192,61.02971,0.7167291,60.18304,2.083653,0.2271429,0.1417318,-0.9435031,0.1417318,55.82081,7.168501,60.40435,0.4118227,71.35114,1.288311,0.5427467,0.1219584,0.3981131,0.1219584,-24.58853,7.860579,66.05105,0.5125545,68.91824,1.172188,-0.09225532,0.1229487,-0.04408367,0.1229487,6.279032,7.486846,61.22,0.8050433,71.19479,2.865938,-0.616589,0.125597,-0.3519304,0.125597,38.57927,3.134385,58.72293,0.7812113,71.11337,2.909144,0.5275652,0.1222929,-0.8163573,0.1222929,58.46178,9.12553,58.579,0.6843781,70.92736,2.964484,-1.640922,0.1324739,-1.626406,0.1324739,116.364,9.454019,58.3786,0.4844631,69.38941,1.200668,-0.169915,0.1236296,-0.4034894,0.1236296,25.67816,7.961605,57.16721,0.4142784,69.23541,1.205064,-0.008276268,0.1229546,-0.007034574,0.1229546,1.782182,7.921401,57.0454,0.4206001,64.83691,1.07877,0.3626394,0.08810335,0.1375852,0.08810335,-14.65768,7.689347,53.93066,0.939152,136.6719,50.76516,58.04673,-66.98618,0.9860167,218.8972,57.84132,8.522233,41.8243,0.6755144,0.7394679,1-230042,1425427260663425024,124.1057,25.99136,1266,52709,138
835449654681298944,137.0752,1.358608,145.2002,1.64263,3.359219,1.442207,-0.3404773,1.735392,34.40924,6.567029,-15.6437,0.6672961,-15.03002,0.6672961,304.055,20.95691,86.01396,0.4671588,34.57741,6.487891,-15.6437,0.6672961,-15.03002,0.6672961,240.2173,20.2728,85.97208,0.8810774,41.63586,4.049993,-1.126736,0.3678541,-0.3397088,0.3678541,33.93401,9.588361,83.65199,0.9099997,52.71869,3.32378,1.464512,0.2436249,-0.9399167,0.2436249,61.60721,7.951824,79.72215,0.8139718,52.95666,2.851693,-1.307275,0.2311432,-2.823564,0.2311432,147.2002,7.831066,75.69003,0.9678744,54.61504,2.729193,-0.6175273,0.2580769,0.2792574,0.2580769,9.66018,7.937334,75.32053,1.404303,63.04239,2.052758,-3.354249,0.1835,-6.067521,0.1835,402.5186,9.156163,67.20444,2.52011,63.81504,2.485676,-1.541888,0.171513,-1.10418,0.171513,73.12964,7.659204,65.6902,0.7396757,63.04078,2.641037,-2.828703,0.1771773,-3.400126,0.1771773,205.4508,8.54162,64.94965,1.632083,70.97637,2.853729,-0.3374813,0.128051,-0.4733556,0.128051,43.69997,6.765549,65.15199,0.3665332,67.55692,1.803145,-1.447052,0.1399009,-1.317204,0.1399009,93.43556,7.599261,65.48509,0.9230665,70.57332,14.65056,-5.616743,0.1572877,-5.630725,0.1572877,399.9144,4.559355,62.1945,3.937411,70.66557,14.69285,-26.19925,0.2716083,-28.31516,0.2716083,1956.867,18.87364,62.00558,15.86721,70.6891,15.77402,-16.91056,0.219843,-17.08845,0.219843,1206.234,13.75205,61.74263,5.77928,69.65942,4.250573,-6.232817,0.1662034,-6.380344,0.1662034,444.0073,10.43676,60.14972,0.8033653,69.54211,4.275159,-5.150874,0.1603792,-5.152362,0.1603792,364.0484,9.985633,59.98902,1.161187,66.61691,1.19575,0.05303482,0.1045755,-0.07979957,0.1045755,6.209901,8.095219,55.77233,0.1346515,129.9064,532.4313,120.4697,-56.19045,0.2281128,130.6835,198.9478,9.186089,-15.88607,1.318996,0.7949018,1-117014,835449654681298944,345.9294,13.92654,742,52263,116
2522183805867943936,1,0,54.93797,29.01875,7.101625,13.20312,-19.95589,19.73518,0,0,0,-1,0,-1,0,-0.7260304,0,0,0,0,0,-1,0,-1,0,-0.7260304,0,0,26.66494,1.783792,0.4659499,0.2456036,-0.06693026,0.2456036,6.520481,3.147859,71.84126,0.7534998,44.35665,1.525113,0.9926388,0.1429541,-0.1190681,0.1429541,3.025542,2.410098,68.30389,0.573317,50.18178,1.538525,-0.1365261,0.1323538,-0.01269403,0.1323538,-0.678168,2.334393,64.9521,0.3471853,51.98107,1.550288,-0.6642006,0.1543616,0.2981326,0.1543616,-1.545428,3.355383,64.64424,1.307491,65.30078,1.31758,2.335125,0.1025545,0.1471533,0.1025545,6.51612,2.513918,58.83975,0.9161121,64.92992,1.436859,-0.2469054,0.1102218,0.1841031,0.1102218,4.199867,3.35931,57.85646,2.003295,63.63814,1.406541,0.7078674,0.1095728,-0.3726836,0.1095728,12.38032,3.684889,57.39994,0.2226247,71.43403,1.169091,0.01150806,0.09048659,0.06045965,0.09048659,-0.7507178,2.977849,60.44849,0.1844687,68.49615,0.889026,-0.1358896,0.1023367,-0.08692233,0.1023367,-1.778476,3.848002,63.49062,0.3179809,70.79429,0.9640849,-0.3144982,0.1038547,-0.2764671,0.1038547,3.671161,1.3607,60.97523,0.9094481,70.78171,0.8954493,1.829102,0.09435116,-0.1184079,0.09435116,17.77411,2.951911,60.81489,1.643981,70.59643,0.8805268,0.01538542,0.101482,-0.1917995,0.101482,11.07307,4.104181,60.62706,0.2168484,68.09572,0.7178906,0.1962699,0.1022618,0.01728278,0.1022618,2.296184,3.88582,59.32684,0.434172,67.98138,0.729133,0.01539165,0.1045473,0.0589279,0.1045473,-1.797732,4.108793,59.17297,0.1343308,63.67293,1.166199,0.2426039,0.0817964,0.1487959,0.0817964,-9.248574,4.432146,55.48184,0.2753049,1,0,1.026762,7.205871,0,23.97195,10.59193,3.462321,-48.88146,0.2616058,0.7260304,1-591260,2522183805867943936,195.0688,27.96752,2240,53823,611
644163768942618624,1,0,55.7762,28.51105,11.58251,17.14798,-58.3796,18.43249,48.67482,3.391385,0,-1,0,-1,0,-0.773605,0,0,48.67482,3.166678,0,-1,0,-1,0,-0.773605,0,0,39.68126,2.421696,-1.915827,0.2489379,-1.286129,0.2489379,25.9695,5.282424,71.41132,0.9358448,51.42125,1.50741,2.599545,0.1471616,0.1078497,0.1471616,-0.5103446,2.744465,67.15691,0.57261,51.52154,1.365801,1.676419,0.139624,-0.002608577,0.139624,1.617446,2.513817,63.366,0.7914703,52.97935,1.606464,-0.4410861,0.1719928,-0.02203313,0.1719928,2.815354,3.684859,63.03111,0.6654856,57.80367,1.234555,3.129765,0.1185416,0.341307,0.1185416,3.753786,2.367788,57.024,5.009129,57.13195,1.264249,-0.08927529,0.1246354,0.2001131,0.1246354,1.53646,3.26506,56.10558,1.842213,56.12784,1.142383,0.604875,0.1230862,-0.1399536,0.1230862,7.016602,3.419212,55.67908,0.7060238,55.56465,1.129527,-0.00975709,0.1093847,0.08257161,0.1093847,-1.835059,2.832227,60.39226,0.2560536,51.89336,0.7221232,0.04662519,0.1145381,0.004362611,0.1145381,-0.5744674,3.289573,63.02992,0.3813942,51.47546,1.05425,-0.004972211,0.1145313,0.04993859,0.1145313,2.664846,1.096059,61.0781,0.4127652,51.48446,0.9412292,2.181043,0.1046992,0.03775685,0.1046992,11.05249,2.327214,60.97142,4.306095,51.37229,1.034596,0.08459125,0.1129211,-0.09971739,0.1129211,8.037791,3.305963,60.80516,0.3545764,50.21331,0.7511762,0.1131992,0.1147347,-0.07259614,0.1147347,4.119071,3.312929,59.76316,0.5652409,50.07533,0.7831667,0.110638,0.1191109,0.08285525,0.1191109,-0.2832479,3.297408,59.65462,0.7846956,46.599,1.05033,0.1610112,0.08688201,-0.0339673,0.08688201,1.271651,3.309341,56.55966,2.025888,1.210615,0,1.094043,14.022,0,1,7.426618,2.777357,-12.35154,0.4352331,0.773605,1-78688,644163768942618624,150.264,4.619273,572,52289,542
2522048016181913600,49.23003,1.881438,61.42524,3.32552,-8.390224,1.264027,1.004252,2.444688,11.11891,2.053856,0,-1,0,-1,0,-0.7652919,0,0,11.11891,2.010603,0,-1,0,-1,0,-0.7652919,0,0,13.88456,1.639714,-0.3154676,0.5183319,0.4991712,0.5183319,-4.627544,3.264304,79.42724,1.167889,17.34406,1.425593,3.042701,0.2901424,0.4909629,0.2901424,12.23256,2.434943,75.87287,0.1313402,17.37573,0.9320096,0.6243749,0.2654482,-1.225889,0.2654482,22.04735,2.180798,72.48941,1.513299,17.76455,0.8799874,-0.9615892,0.3069442,-0.2168253,0.3069442,1.19938,2.319636,72.20081,0.5380054,20.1678,0.8525577,0.02305498,0.2010872,-2.783369,0.2010872,58.20034,2.228599,66.23305,0.9288096,20.23389,0.8249862,-0.5935839,0.1973521,-0.2878459,0.1973521,6.892551,2.060943,65.21301,0.128938,19.92673,0.7860915,-0.1261255,0.1966205,-0.7307608,0.1966205,16.17468,2.128546,64.76999,1.184556,21.76158,0.8443703,-0.02039151,0.1718742,0.02246973,0.1718742,5.535693,2.05139,66.93698,1.881185,21.01434,0.5713931,-0.3722642,0.151433,-0.3219872,0.151433,6.807174,1.900714,66.4801,1.055728,21.21165,0.653181,-1.839598,0.1574573,-1.686695,0.1574573,32.34792,0.8558989,63.33834,0.7549601,21.2249,0.6062352,-9.154997,0.1938137,-11.19378,0.1938137,232.6438,3.438324,63.11273,0.7718517,21.21355,0.6139525,-4.693186,0.1675676,-4.728288,0.1675676,97.56878,2.581586,62.89979,0.7316867,21.07283,0.6334543,-1.601045,0.1600737,-1.847849,0.1600737,34.51173,2.241579,61.34647,0.9965671,21.01138,0.7434153,-1.201029,0.1546144,-1.285215,0.1546144,28.22801,2.134737,61.1985,0.4339353,19.86019,0.4360619,0.1625179,0.1175102,-0.05282578,0.1175102,0.149652,2.01511,56.97636,0.5665321,49.32862,0,1.082286,-8.37342,0,43.5648,15.64781,2.346512,-24.86246,0.8609321,0.7652919,1-456339,2522048016181913600,194.4765,27.49064,2240,53823,117
2523206632364599296,55.27704,0.5500252,56.23281,0.7909142,-0.4053403,0.4454821,1.281289,0.6066498,41.22258,3.438583,0,-1,0,-1,0,-0.8310704,0,0,41.22258,3.285257,0,-1,0,-1,0,-0.8310704,0,0,58.68518,4.225983,-1.951902,0.2199678,-0.7583899,0.2199678,29.93546,5.867013,78.92457,1.360848,60.57008,2.24651,1.708672,0.1609736,-2.522198,0.1609736,164.4729,5.450016,76.10812,1.911965,54.84317,1.903751,-1.743009,0.1731239,-5.65244,0.1731239,320.9165,6.218744,73.36666,1.474737,54.82139,1.900784,-0.7148701,0.1985665,-0.2192729,0.1985665,8.41006,4.487302,73.12259,0.2403916,48.34553,1.443318,-10.72656,0.2150917,-14.90324,0.2150917,722.0455,8.78035,68.04018,1.201546,48.77689,1.76959,-3.434203,0.1652028,-3.133264,0.1652028,168.6628,5.156752,67.15102,1.218219,48.44117,1.404233,-11.20798,0.2073909,-11.61414,0.2073909,543.2714,8.077211,66.72289,4.153561,40.49634,0.9879024,-2.151916,0.1525604,-2.233451,0.1525604,90.56548,3.747589,65.99323,1.11406,36.85596,0.8858484,-1.751362,0.151505,-1.642493,0.151505,60.81604,3.505575,63.79831,1.421331,35.61613,2.18695,-5.59764,0.1755082,-5.71018,0.1755082,210.1922,2.337729,60.59811,0.296481,35.55116,0.9107658,-75.81858,0.6673762,-78.66871,0.6673762,2783.378,22.46026,60.41668,1.878209,35.48097,0.8527193,-17.75709,0.2516061,-17.97643,0.2516061,633.9882,7.051124,60.16446,0.7292685,35.17101,1.004984,-14.27614,0.2332553,-14.4004,0.2332553,505.4292,7.225702,58.64639,1.911064,35.06307,0.888274,-10.6569,0.2049668,-10.70382,0.2049668,373.2656,6.03469,58.49404,1.099754,31.98885,0.9757856,-1.324248,0.1245944,-1.446742,0.1245944,46.13912,3.424465,54.54927,0.4141274,99.74498,0,1.175311,-0.07816491,0,55.49815,544.071,8.187832,-4.022209,2.1668,0.8310704,1-456772,2523206632364599296,194.0254,27.67811,2241,54169,236
1783566239302445056,44.48406,1.33158,45.81263,1.94295,0.2556427,0.8687584,-0.5611658,1.234097,20.96856,2.611645,0,-1,0,-1,0,-0.7600191,0,0,20.96856,2.561749,0,-1,0,-1,0,-0.7600191,0,0,11.99683,1.805494,-1.003415,0.4994475,-0.3119263,0.4994475,10.76542,2.666153,71.4811,0.8986575,14.9158,1.050864,0.6917408,0.3145689,-1.315894,0.3145689,20.56956,2.137932,68.13242,0.4535781,14.41354,1.086429,-2.165007,0.2927662,-3.441975,0.2927662,40.80159,1.999515,64.94686,2.783467,14.83386,0.9469111,-0.4415696,0.3232568,0.1161467,0.3232568,0.6346871,1.827012,64.67878,1.673603,15.91811,0.8523903,-3.02971,0.2352899,-5.371702,0.2352899,84.42254,2.117704,59.03313,2.914709,15.89455,0.7902208,-2.810556,0.2199005,-2.353092,0.2199005,37.90732,1.791452,58.08376,0.580378,15.64209,0.7981282,-6.872963,0.2342404,-7.404979,0.2342404,114.8446,2.363456,57.61019,1.748077,15.94535,0.6707489,-0.2421426,0.2041142,-0.2013811,0.2041142,2.60077,1.641179,61.59922,2.270068,15.24981,0.5010822,-0.6151124,0.1689231,-0.6254204,0.1689231,10.88754,1.400905,65.76639,0.4656894,15.17187,0.409386,-1.521944,0.1710915,-1.338735,0.1710915,19.34456,0.5269879,63.2445,1.190565,15.2035,0.3847526,-14.91344,0.2179442,-16.87355,0.2179442,259.7013,2.802466,63.09036,0.7730835,15.19989,0.3586031,-3.773813,0.168202,-3.840139,0.168202,58.34764,1.589516,62.87885,1.520196,14.92918,0.5290195,-3.594008,0.1747113,-3.767031,0.1747113,58.04451,1.668998,61.4334,2.695733,14.91036,0.4179032,-2.417044,0.187649,-2.472053,0.187649,39.23771,1.826731,61.27573,1.541836,14.24487,0.4627714,-0.0913266,0.1460814,-0.2730079,0.1460814,4.810441,4.090702,56.80014,0.3062719,89.30297,0,1.074829,0.5215115,0,48.30472,115.9031,2.46019,-5.376158,0.5184022,0.7600191,1-298482,1783566239302445056,122.5507,22.77229,1584,52943,512
2523317408161097728,55.70681,0.9786218,60.80627,1.775478,-0.09745231,0.8008558,-1.286889,1.361652,20.95356,2.161058,0,-1,0,-1,0,-0.7436193,0,0,20.95356,2.053158,0,-1,0,-1,0,-0.7436193,0,0,21.45891,1.871173,-1.177645,0.3003187,-0.4114433,0.3003187,4.0583,3.043532,74.55939,2.139124,25.50163,1.283181,1.847114,0.2329128,-1.377263,0.2329128,37.09679,2.809051,70.4961,0.5075862,24.99233,1.370348,-0.8837467,0.2232451,-3.032671,0.2232451,66.32017,2.92882,66.73532,4.218124,25.8999,1.404306,-0.683793,0.2509758,-0.0417437,0.2509758,0.9564235,2.760711,66.3952,1.772194,28.08114,1.148165,-2.590237,0.1872729,-5.626239,0.1872729,154.5488,3.375762,59.97987,1.77546,28.52707,1.077991,-0.7417628,0.1698666,-0.3831705,0.1698666,14.0666,2.458911,58.91209,0.8592712,28.18128,1.113649,-0.4354183,0.1696399,-1.198882,0.1696399,28.48798,2.559029,58.4235,1.993285,30.3418,1.228743,-0.4073975,0.2187224,-0.369191,0.2187224,12.55274,3.556759,51.76522,1.55663,28.77629,0.604677,-0.2021839,0.1429851,-0.1109115,0.1429851,10.10939,2.443323,63.69679,0.4297363,29.59413,0.5457309,-3.107913,0.1535678,-3.010336,0.1535678,87.50264,1.393475,61.38807,1.045315,29.63162,0.5990281,-23.56118,0.2841424,-25.88532,0.2841424,759.379,7.829574,61.24693,1.170695,29.5895,0.6358275,-8.991323,0.1844129,-9.124518,0.1844129,263.9282,4.203037,61.06291,1.132737,29.2374,0.7103989,-2.969871,0.1590176,-3.126344,0.1590176,100.6611,3.366786,59.81697,2.062968,29.25048,0.5655828,-2.496661,0.1536893,-2.504004,0.1536893,73.71996,3.09459,59.68681,0.3782814,28.73629,0.8234234,-0.09034198,0.1139952,-0.2748546,0.1139952,5.326528,2.734333,55.9496,1.277987,53.64139,0,1.051636,-0.1010655,0,65.29865,29.86823,3.009442,-28.87861,0.9273263,0.7436193,1-457009,2523317408161097728,196.0469,27.49044,2241,54169,639
828776717907683328,123.8034,4.540873,121.7817,8.884046,-0.1681686,4.578621,-7.601752,8.412505,39.39816,5.02411,-0.5480879,0.3564389,-0.8161784,0.3564389,23.2028,9.986294,70.96751,1.930237,39.43608,5.019688,-0.5480879,0.3564389,-0.8161784,0.3564389,39.95327,9.941961,70.92326,1.672482,39.7574,3.007456,-0.07433806,0.2487793,0.6726305,0.2487793,-13.89636,5.357835,68.5984,1.723774,61.39078,2.036719,1.488113,0.1524356,-0.2338406,0.1524356,15.30608,5.271731,65.08479,0.7978247,66.41651,1.958128,-0.4421886,0.1541337,-1.123836,0.1541337,52.52924,5.582349,61.9554,0.7290849,68.64787,1.894128,-1.08057,0.1727412,-0.009676321,0.1727412,-1.359402,6.161055,61.67657,0.6577619,85.3578,1.837522,1.243892,0.1200227,-1.151812,0.1200227,98.74533,6.718256,56.62387,1.145272,85.08561,1.617214,-0.6360905,0.1268849,-0.08810647,0.1268849,6.957872,6.683118,55.84452,0.7645946,83.02547,1.659472,0.6124281,0.1213757,-0.3282857,0.1213757,24.34189,6.475014,55.48154,0.3341187,97.75166,1.700446,0.2760263,0.0988769,0.1947828,0.0988769,1.827875,6.77445,62.06939,1.277149,95.66541,1.538613,-0.1759167,0.1151991,-0.1265369,0.1151991,22.42484,8.002063,64.06109,0.2702101,99.80334,2.332819,-0.8587028,0.1173548,-0.6924157,0.1173548,57.05025,3.33459,61.2634,0.5221435,99.81152,2.376028,-2.194787,0.1242748,-3.953251,0.1242748,396.155,11.28534,61.09686,0.8837365,99.48452,2.464351,-1.723491,0.1219751,-1.770364,0.1219751,172.0767,10.05788,60.864,0.5048435,97.016,3.339423,-0.6225319,0.1203222,-0.6880576,0.1203222,65.0567,8.941105,59.44623,0.7192897,96.94684,3.33694,-0.6328538,0.1260115,-0.5031719,0.1260115,55.96817,9.412926,59.28312,0.5793828,93.28777,1.655155,0.1254462,0.09050006,0.03177125,0.09050006,0.4299053,8.776022,55.33464,1.126477,26.76829,59.01163,9.419502,15.29409,1.194405,148.9464,26.4744,8.385498,-35.52271,0.3475756,0.7506657,1-115377,828776717907683328,333.5907,13.9531,736,52221,416
2264309840811681792,1,0,71.04488,42.37551,2.33327,11.01981,-28.71662,33.17516,14.54219,2.097658,0,-1,0,-1,0,-0.7593311,0,0,14.54219,2.056462,0,-1,0,-1,0,-0.7593311,0,0,16.9885,1.605276,0.4211792,0.4034224,0.009453294,0.4034224,-2.224969,3.188811,68.97608,0.8149678,26.86803,1.234867,0.999764,0.2191956,-0.03392353,0.2191956,0.2025721,2.246269,64.93377,2.57029,29.3717,1.207789,0.04153354,0.2013576,-0.04548628,0.2013576,3.722822,2.095934,61.40406,2.991318,30.43191,1.209661,-0.7365499,0.2304317,-0.2830091,0.2304317,-1.376497,3.015353,61.09337,0.5585178,36.56816,1.1232,2.187994,0.1523078,0.2950549,0.1523078,5.515291,2.044451,55.61067,1.706549,37.18941,1.063275,-0.2990953,0.158634,-0.2407201,0.158634,7.029281,3.191795,54.79889,0.2261611,36.65602,1.021743,1.208702,0.151804,0.09496398,0.151804,6.377281,3.120018,54.42533,0.9744596,39.23148,0.9141379,0.03069353,0.1336015,0.03061411,0.1336015,-2.262421,2.425722,60.70096,1.489509,36.82046,0.8473458,0.03512605,0.1345549,0.01146733,0.1345549,1.819255,2.93004,63.37246,1.730745,37.70217,0.851846,-0.2783975,0.1337479,-0.1051103,0.1337479,-0.6417364,0.9603307,60.86706,0.3435404,37.65025,0.8320057,1.653094,0.1247316,-0.1280497,0.1247316,14.96569,2.07586,60.70793,5.529037,37.55362,0.8629811,0.04066139,0.1335095,-0.01642445,0.1335095,-1.935625,2.896576,60.49994,0.7455996,36.58007,0.7881847,0.3589561,0.1363624,0.1479315,0.1363624,-4.111127,3.012515,59.07817,0.1962174,36.49389,0.7970549,-0.01883216,0.1500756,-0.06366272,0.1500756,2.944053,3.373286,58.91208,0.7876749,33.97989,0.9815373,0.046192,0.1373689,-0.1970858,0.1373689,1.358537,3.991913,54.6587,3.604633,1,0,1.073856,2.685635,0,40.80278,6.063467,2.8132,-35.23652,1.368166,0.7593311,1-404358,2264309840811681792,194.6122,29.61248,2011,53499,455
2524383384415791104,62.58641,40.05094,1,0,-191.0155,29.0507,90.82914,16.33461,8.173653,2.303357,0,-1,0,-1,0,-0.791185,0,0,8.173653,2.265542,0,-1,0,-1,0,-0.791185,0,0,11.52322,1.600102,-1.519548,0.562271,-0.9039108,0.562271,2.009218,2.7223,73.51856,0.5165971,14.53728,1.067442,3.250397,0.341119,0.4369625,0.341119,-3.900179,2.379271,68.25842,0.4258549,14.86412,0.9622847,1.921427,0.3097866,0.2481153,0.3097866,-0.9578535,2.161624,63.74945,0.402243,15.08152,0.858558,-0.4515026,0.3623542,0.4888909,0.3623542,-4.699892,1.839883,63.35701,0.8435643,16.06656,0.8563477,3.179075,0.2432282,0.254013,0.2432282,-5.353822,2.043556,56.61659,0.4828784,16.25889,0.7029054,-0.1026356,0.2505784,0.05006767,0.2505784,1.218245,1.675903,55.64523,0.99584,16.14434,0.7093303,0.7728119,0.2476723,-0.1180192,0.2476723,2.626682,1.638604,55.20904,0.2050619,15.46473,0.6902094,0.08549775,0.2410794,0.1684408,0.2410794,-4.352251,2.213217,61.8758,0.1610873,14.38144,0.4734219,-0.564236,0.2139778,-0.4554908,0.2139778,4.705832,1.494311,62.82885,0.5584799,14.25136,0.4781073,-0.09095912,0.2051481,-0.0301627,0.2051481,-0.205139,0.4410679,59.7359,0.7801076,14.21761,0.4348643,2.366833,0.1875392,0.2452465,0.1875392,-2.005103,1.586823,59.54733,1.61132,14.16855,0.4305463,0.3577978,0.1999445,0.2742125,0.1999445,-0.6187465,1.330361,59.30193,1.315828,14.09431,0.613364,0.2231936,0.2383631,-0.1672873,0.2383631,3.273208,1.452873,57.65946,3.238042,14.04787,0.6385922,-0.282526,0.2320229,-0.4839383,0.2320229,-1.873144,1.34802,57.4713,0.3565273,13.08494,0.544925,0.2110789,0.1706584,-0.139747,0.1706584,0.4308343,1.441491,52.90762,0.4227046,68.99877,0,1.118905,-171.4448,0,1,2.657474,1.625001,49.22311,0.6910705,0.791185,1-457185,2524383384415791104,195.6466,27.43944,2242,54153,421
658672095353399296,159.2245,14.66865,174.5132,9.418765,-17.5956,13.77188,7.653323,10.39999,31.29514,3.908348,-6.619197,0.5246304,-7.854647,0.5246304,148.6516,19.79979,87.76572,0.6136979,31.29467,3.879301,-6.619197,0.5246304,-7.854647,0.5246304,90.11558,18.63081,87.71867,0.4925403,29.10915,2.770655,-0.5203627,0.3799022,-0.6452616,0.3799022,23.52338,7.355425,85.13557,1.191288,56.68495,2.285482,0.5234174,0.1880677,0.02439942,0.1880677,4.580379,6.973886,80.87035,0.4536416,65.67485,2.096164,-1.238426,0.1699313,-0.5583414,0.1699313,25.29203,7.050791,76.54485,0.7464455,68.22018,2.098794,-1.222442,0.1913362,0.2860986,0.1913362,-4.886806,7.987808,76.13374,0.4866317,92.38505,2.144732,1.654236,0.1207365,-0.291581,0.1207365,44.06124,8.016875,67.61685,0.77084,92.98278,2.087796,-0.6147678,0.1269939,-0.20221,0.1269939,24.96992,8.719835,66.04558,0.4681496,90.24346,2.064867,-0.02983918,0.125253,-1.10252,0.125253,101.0858,9.000693,65.27924,0.5890902,107.7949,3.274539,0.3077058,0.1058785,0.1720999,0.1058785,-5.452215,8.912056,61.64115,1.115115,103.5101,1.816453,-0.2495737,0.1151264,-0.1783374,0.1151264,20.87943,9.886102,61.26857,1.038813,108.3685,6.09051,-0.8673607,0.1175306,-0.7030584,0.1175306,70.83044,4.035733,59.25694,0.348838,108.2599,6.168385,0.01024185,0.1136815,-1.576914,0.1136815,163.4265,12.08289,59.14285,0.1763232,107.9507,6.423692,-1.835195,0.12313,-1.852212,0.12313,213.641,12.17269,58.99556,0.5595182,105.634,2.942073,-0.5431194,0.1193529,-0.7340187,0.1193529,77.04111,10.96217,58.03796,0.5762131,105.5431,2.823955,-0.5747123,0.1193911,-0.5739506,0.1193911,60.05362,10.99946,57.94175,0.2858724,98.97654,1.821702,0.1926501,0.08745372,0.08428203,0.08745372,-21.25517,10.644,55.45207,0.8377454,185.9861,235.9729,169.9782,68.30853,0.5308076,185.4755,104.3388,10.56943,24.67534,0.4799799,0.742786,1-82382,658672095353399296,218.5793,3.664377,585,52027,75
834306987188578304,81.09643,1.387035,87.48927,2.181968,-1.036251,1.267066,1.129423,1.876435,15.53332,4.619001,-9.314824,1.349162,-4.320287,1.349162,40.0528,20.80006,83.53626,1.416108,15.25511,4.581426,-9.314824,1.349162,-4.320287,1.349162,45.31226,11.42281,83.49764,1.129108,16.67291,2.786726,-1.190215,0.6396266,-0.6641027,0.6396266,10.74533,5.452539,81.39369,1.76012,22.13559,2.083207,1.21268,0.3713347,-0.7265599,0.3713347,25.82735,4.347736,77.90181,0.3431171,23.67834,1.51808,-1.43393,0.3179583,-2.0779,0.3179583,50.14356,4.094287,74.39577,2.465075,24.59431,1.561742,-1.187127,0.3581599,-0.1157362,0.3581599,-1.375597,4.177912,74.07815,2.523268,30.35394,1.313783,-1.814398,0.2298001,-4.241867,0.2298001,129.3901,4.531919,67.22706,2.304022,30.58711,1.132861,-1.31519,0.2219537,-0.8029696,0.2219537,15.61583,3.924025,65.97499,1.550198,30.37564,1.037626,-0.7062591,0.2160366,-1.440862,0.2160366,38.7669,3.967864,65.36544,0.8264195,36.02587,1.366343,-0.2159074,0.1652976,-0.3067643,0.1652976,12.50805,3.615856,62.19894,0.7479182,34.51372,0.8823643,-0.4803477,0.1618156,-0.3404243,0.1618156,14.34097,3.580922,61.70176,0.652845,35.97346,1.036841,-3.158603,0.1697678,-3.108027,0.1697678,108.1079,1.919806,59.84965,1.735854,35.94894,1.103121,-18.06469,0.2596806,-20.0255,0.2596806,699.1661,8.58108,59.74636,1.26277,35.91311,1.412394,-9.021245,0.2010324,-9.102695,0.2010324,326.0784,5.790574,59.6032,0.4229006,35.60566,0.9931367,-2.896253,0.1766189,-3.04094,0.1766189,111.554,4.733766,58.74998,0.7622223,35.61989,1.171001,-2.921471,0.1759619,-2.962574,0.1759619,95.92029,4.52415,58.66524,0.7642364,34.26324,0.9499221,0.1426136,0.1382508,-0.1051283,0.1382508,3.630707,4.219165,56.53411,0.1118221,71.78757,-117.4977,1272.727,-104.9048,0.09878881,84.64057,39.26227,4.546189,-43.74129,0.3501078,0.7688563,1-116725,834306987188578304,344.3612,13.00165,741,52261,55
1937754343612639232,232.1684,14.91687,161.7264,15.44393,23.16311,13.97267,-5.910943,14.69167,29.58117,4.947402,-1.687131,0.5299557,-2.309939,0.5299557,32.32846,13.81012,78.47253,1.197787,28.35273,4.933903,-1.687131,0.5299557,-2.309939,0.5299557,21.58159,13.60497,78.44013,1.179173,25.47118,3.15106,0.1719683,0.3995934,1.035064,0.3995934,-11.08523,6.411095,76.66357,0.6279784,43.40516,2.552334,0.439791,0.1994691,-1.485702,0.1994691,44.08588,6.642272,73.74699,1.596763,47.90673,2.898903,-0.8910745,0.1741662,-1.709033,0.1741662,64.29413,6.727631,70.81369,1.155547,49.30139,2.510621,-1.361658,0.1992386,-0.128131,0.1992386,-0.7609018,5.726971,70.5364,0.9503302,61.44079,1.984203,1.598114,0.1271009,-0.750387,0.1271009,48.72742,6.586653,64.85265,0.5653177,62.11296,1.633501,-0.5558062,0.1349368,-0.01098708,0.1349368,0.6085325,5.942417,63.81866,0.6442684,60.05318,1.685291,0.5044003,0.1309227,-0.5368796,0.1309227,27.80959,5.82185,63.31633,0.9980255,72.09277,1.513927,0.5015767,0.1056131,0.2109326,0.1056131,-12.5407,7.063309,64.21131,1.557725,70.00089,0.8949327,-0.2994515,0.1174016,-0.2062056,0.1174016,5.687654,6.550621,62.47228,0.9240718,73.46373,4.110248,-0.7755069,0.1180553,-0.6060913,0.1180553,36.19816,2.855977,59.32288,0.33364,73.46915,4.020368,-0.44363,0.1170574,-2.05423,0.1170574,164.5762,9.801265,59.15839,0.8867058,73.36137,4.129171,-1.428458,0.1222113,-1.508541,0.1222113,109.182,8.614277,58.90369,0.3624199,72.28699,1.125717,0.2651437,0.1167776,0.04044349,0.1167776,3.939938,6.942488,57.35983,0.6354365,72.21922,1.139327,-0.2618334,0.1195407,-0.2725684,0.1195407,20.46956,7.193036,57.2045,0.2059441,69.62114,1.320514,0.2430172,0.08781548,-0.05714338,0.08781548,4.466864,7.254489,53.30206,0.5369323,1,48.12949,9.793635,6.625566,0.5486612,262.7195,35.89962,8.567522,130.1459,0.8054062,0.7448822,1-335271,1937754343612639232,229.7641,8.138726,1721,53857,293
483024009831671808,1,0,52.61814,40.24525,-3.796824,8.245646,0.9200444,24.421,25.81023,3.22572,0,-1,0,-1,0,-0.7227511,0,0,25.81023,3.215454,0,-1,0,-1,0,-0.7227511,0,0,18.23908,2.548132,0.5191813,0.4662139,0.6559448,0.4662139,-1.705188,3.923004,79.99599,1.458055,27.56379,1.426174,1.098349,0.2374654,-0.6326326,0.2374654,3.294642,2.641771,76.51292,1.992805,29.00327,1.328446,0.001102121,0.189471,-0.7954708,0.189471,10.81758,2.182475,73.13347,0.1507971,29.93684,1.358526,-0.6880157,0.2127398,-0.1690435,0.2127398,-3.848236,2.686894,72.80044,0.3915293,35.64326,1.063857,1.872731,0.1271054,-0.2625307,0.1271054,6.85405,1.832095,66.32791,0.4151872,35.44462,0.8886035,-0.1402552,0.1279773,0.213746,0.1279773,1.547057,2.240891,65.15496,1.192089,35.06197,0.8607466,0.8120266,0.1268096,-0.2113891,0.1268096,6.302871,2.402968,64.56445,0.9326351,37.41771,0.9417295,-0.3737816,0.1078638,-0.3018484,0.1078638,1.181413,1.927124,63.89874,2.005229,35.56201,0.5673082,0.02153379,0.09891924,0.07863959,0.09891924,-2.22611,1.96926,68.32322,0.6605947,36.50736,0.7339067,-0.2795412,0.09511869,-0.1673875,0.09511869,1.186658,0.6601669,67.91232,1.052347,36.44569,0.7322314,1.486728,0.089701,-0.4171088,0.089701,15.48771,1.52479,67.89955,8.869791,36.30995,0.7448612,-0.004558661,0.09544951,-0.1059982,0.09544951,3.579235,1.991214,67.8884,1.214619,35.37916,0.5960905,0.368965,0.1018217,0.1860963,0.1018217,-0.4343393,2.174964,67.7493,0.9215884,35.31991,0.5955295,0.2896888,0.09716666,0.2499946,0.09716666,-2.112692,2.039155,67.70762,0.9334047,33.3801,0.9746611,0.3866927,0.07989801,0.1849611,0.07989801,-5.70858,2.393779,66.82844,1.152826,7.577999,0,1.022124,21.17926,0,1,5.65529,1.934561,-5.997789,1.179299,0.7227511,1-42274,483024009831671808,27.26052,12.92752,429,51820,47
828751978896058368,62.07849,30.05725,64.58656,36.16206,-27.42736,20.85127,0.1361182,22.85056,17.24206,2.625054,0,-1,0,-1,2.640981,6.270751,75.63018,0.4071121,16.57837,2.564636,0,-1,0,-1,8.93119,6.069023,75.57186,0.2776912,14.68844,2.08736,1.107695,0.5216095,1.324261,0.5216095,-10.94693,3.776839,72.53733,0.467137,25.79377,1.557574,0.4691974,0.2744164,-0.2957101,0.2744164,3.850709,3.37108,68.06907,1.354469,29.89054,1.58707,-0.7596502,0.2329388,-0.5995885,0.2329388,12.05101,3.426991,64.21058,1.225222,31.13684,1.662581,-0.9153248,0.2630087,-0.1587409,0.2630087,-5.089718,3.477055,63.88998,0.6548902,39.7281,1.401686,1.674725,0.1706459,-0.1842824,0.1706459,3.089321,3.162044,58.08903,0.8645409,39.59511,1.125071,-0.6421183,0.1774225,-0.2835028,0.1774225,0.449762,3.480367,57.25681,1.16836,38.5589,1.080329,0.9533179,0.1689965,0.04512679,0.1689965,-1.14873,3.335064,56.87749,0.5436119,43.44,1.271083,0.1326472,0.1439677,0.1830659,0.1439677,-2.026102,3.565801,66.7522,0.8218294,42.18873,0.8064575,0.05337062,0.1539451,0.1463771,0.1539451,-3.104991,3.707908,67.10194,0.549606,43.42291,0.9947273,-0.3160682,0.1415539,-0.2660898,0.1415539,1.11385,1.141551,63.64203,1.50185,43.37368,1.007182,1.432233,0.1318037,-0.4285991,0.1318037,14.13719,3.626694,63.44278,0.3691995,43.15749,0.9856029,-0.05878891,0.1395276,-0.178739,0.1395276,3.359629,3.443179,63.1654,0.3326509,42.05189,0.9206752,0.3282365,0.1473075,0.174188,0.1473075,-4.264035,3.677685,61.48627,0.9219671,42.03963,0.9535779,0.1383625,0.146878,0.1319007,0.146878,-0.8173425,3.771318,61.31715,0.9754499,39.8425,1.270616,0.5493224,0.1429782,0.308458,0.1429782,-13.25517,5.640932,56.95036,0.957395,1,11.64021,7.220082,62.49815,0.2965416,213.7675,-8.968843,5.972514,-300,0.7700747,0.7579273,1-115334,828751978896058368,333.1721,14.07623,736,52221,326
484223577973876736,23.21627,10.88298,16.32114,29.777,3.764415,4.099425,9.797689,7.999383,0,0,0,-1,0,-1,0,-0.7097696,0,0,0,0,0,-1,0,-1,0,-0.7097696,0,0,4.257791,2.569856,0.5428614,1.875153,2.535841,1.875153,-2.68738,3.333824,83.76778,0.6503975,5.706861,1.537233,2.126571,1.137749,-0.5510679,1.137749,3.995077,3.133729,79.77662,0.7260765,5.860306,1.13877,0.2449856,0.9176391,-1.025832,0.9176391,0.6304405,2.370455,75.82923,0.5138932,6.160252,1.092242,0.2560163,1.02422,0.2289224,1.02422,-3.764411,2.428239,75.45923,0.3194103,6.334615,1.067954,2.113103,0.649433,0.1754733,0.649433,8.329503,1.897998,67.97042,2.044196,6.582804,0.9058611,-1.720427,0.6500841,-1.814295,0.6500841,3.457618,1.884799,66.61071,4.271002,6.515075,1.04496,-0.07104646,0.6527291,-0.8311128,0.6527291,5.165827,1.872738,65.97489,0.5113883,6.483862,0.7804219,0.2418022,0.5978408,0.198112,0.5978408,-1.994253,1.995077,62.79911,1.328115,5.97373,0.5176574,0.2434813,0.4558859,0.2521412,0.4558859,2.124537,1.290244,62.14332,0.9330807,5.999923,0.4668341,-0.9496847,0.4445958,-0.5764987,0.4445958,2.726336,0.4468605,59.43564,1.700894,6.015929,0.4630947,-3.344311,0.4261653,-5.052561,0.4261653,29.96703,1.680542,59.27806,0.1234691,6.020726,0.4610665,-1.567568,0.417268,-1.38744,0.417268,8.223259,1.347833,59.07315,1.087293,5.959747,0.521771,-1.660324,0.4961059,-1.849083,0.4961059,10.4978,1.829346,57.72387,2.038001,5.936188,0.5463464,-0.4544472,0.4452498,-0.5359315,0.4452498,5.525645,1.35358,57.58677,1.895628,5.637084,0.5227921,0.4275807,0.3812293,0.1757903,0.3812293,-0.2556739,1.48726,53.99815,0.07762476,7.735124,0,1.003766,1.254216,0,129.6204,6.932741,3.013125,-61.02283,0.9223791,0.7097696,1-42718,484223577973876736,27.33463,13.2985,430,51877,315
2169769704900552704,36.98555,4.875927,75.60796,3.211782,8.633087,2.537085,-4.079572,2.590628,79.25892,4.14358,0,-1,0,-1,0,-0.7389444,0,0,79.25892,4.117556,0,-1,0,-1,0,-0.7389444,0,0,156.0271,4.850669,-1.667196,0.1037849,0.277007,0.1037849,12.39172,8.257781,72.86789,1.008188,201.6735,5.132507,4.825128,0.06622752,0.168791,0.06622752,36.16912,5.076948,68.27579,1.269692,194.7433,5.316686,3.301562,0.07149608,-0.1637504,0.07149608,48.86879,5.034554,64.2904,1.365959,204.234,5.445758,-0.5895297,0.096515,-0.2345399,0.096515,11.46385,8.903316,63.94809,0.7078325,212.8302,3.530539,3.976026,0.06613118,-0.316894,0.06613118,81.53497,5.742215,57.59968,1.956214,215.1994,3.541724,-0.6840423,0.08026625,-0.2631963,0.08026625,95.43633,9.37903,56.65313,2.928899,213.2805,3.792769,-0.3962533,0.07995569,-1.146464,0.07995569,244.1948,10.5435,56.2164,0.4672082,205.4544,1.848108,-0.149542,0.06443468,-0.07282097,0.06443468,12.27504,6.662294,59.93875,0.1959468,189.8429,2.467836,-0.2420714,0.08181088,-0.2282638,0.08181088,33.59186,9.386122,63.46042,0.4497936,186.627,3.121813,-0.5496322,0.08426278,-0.8159291,0.08426278,147.6431,4.07286,61.22097,0.4056832,186.129,3.335863,1.639798,0.07612266,-1.471207,0.07612266,261.6507,8.819014,61.08416,0.4783032,185.2246,3.271718,-2.128911,0.09074202,-2.529607,0.09074202,445.3258,12.28467,60.91017,0.3389265,182.5823,3.173034,-0.337116,0.08419882,-0.5060926,0.08419882,97.86602,9.863224,59.72764,0.3947605,182.1216,3.226188,-0.4974601,0.08563685,-0.4734565,0.08563685,84.76638,10.18012,59.58654,0.2572934,166.9861,2.561337,0.06673855,0.0637039,-0.0002239443,0.0637039,-3.462967,9.58843,56.16182,0.9987651,53.46021,0,1.045025,12.4787,0,64.2073,233.1476,11.0755,-10.14853,0.4291205,0.7389444,1-384400,2169769704900552704,126.7558,21.70678,1927,53321,584
836713818158557184,169.9532,15.11257,166.5287,9.642255,-0.8788299,14.16149,20.23298,10.02774,26.55081,4.912125,-4.749809,0.5994501,-5.747622,0.5994501,100.7402,15.81155,72.91771,1.564111,26.65383,4.902026,-4.749809,0.5994501,-5.747622,0.5994501,59.23394,15.77109,72.87093,1.710438,23.70939,2.973703,0.0315423,0.4742366,0.3463579,0.4742366,2.399837,7.440726,70.39983,1.696136,43.94587,2.142663,0.5821546,0.2326353,-0.3858572,0.2326353,11.86928,6.691846,66.69549,0.732233,48.98151,2.275969,-0.766067,0.2020749,-0.7374084,0.2020749,34.50148,6.72182,63.35349,0.3712831,51.09711,2.093327,-1.23672,0.2294336,-0.1868345,0.2294336,2.972179,6.944297,63.05598,0.3621971,66.28221,1.932506,1.341282,0.1428319,-0.6898276,0.1428319,41.18869,6.896837,57.62031,0.8227118,66.6434,2.082225,-0.6205171,0.1493462,-0.03719095,0.1493462,1.898634,7.057827,56.75641,0.6673481,64.87133,2.246867,-0.3797865,0.1521766,-1.300619,0.1521766,80.99789,7.510155,56.3662,0.9858118,78.63902,2.631639,0.3821529,0.1213004,0.3430359,0.1213004,-19.96244,7.662682,64.78626,0.9852986,77.33027,1.283126,-0.03666068,0.1266444,0.05497149,0.1266444,6.126781,8.070734,62.987,0.7901356,80.77323,4.725628,-0.9269866,0.131794,-0.7421148,0.131794,56.83657,3.246427,61.10603,0.2753233,80.82539,4.700539,-0.07780533,0.1252221,-1.735515,0.1252221,135.0231,10.05807,60.99382,0.156619,80.73699,4.78286,-2.063075,0.1330523,-2.107769,0.1330523,171.4322,9.791962,60.84805,0.59088,78.61543,2.104809,-0.7640269,0.1293045,-0.8183709,0.1293045,69.7055,8.786251,59.87488,0.4006787,78.59048,2.135778,-0.6680878,0.1287976,-0.5309588,0.1287976,41.6482,8.666644,59.77455,0.4892682,75.23415,1.441109,0.3154401,0.09000316,0.2419269,0.09000316,-27.90255,8.299976,57.00278,0.8071905,131.7406,150.6712,77.44393,-73.58394,1.503775,194.8503,87.43867,9.311401,34.60429,0.8162356,0.7657359,1-117543,836713818158557184,347.9253,15.11063,743,52262,619
532573778044020736,41.51838,5.720706,49.55231,11.28885,-2.252821,3.265541,0.8957255,7.335588,2.80004,2.068296,0,-1,0,-1,0,-0.7607957,97.86443,0,2.80004,2.097914,0,-1,0,-1,0,-0.7607957,97.86443,0,3.345972,1.408126,1.356585,1.734798,2.694475,1.734798,1.673701,2.76603,90.37057,0.7368624,3.66384,1.073385,0.5247759,1.164063,-1.762246,1.164063,4.732701,1.93926,84.26951,1.015282,3.741785,0.7478244,0.1874112,0.9211554,-0.6142996,0.9211554,3.678102,1.662638,78.92885,0.9016306,3.905241,0.7503663,-1.184027,0.9907628,-0.2016609,0.9907628,-0.5346624,1.583709,77.77044,0.3493674,4.213075,0.683506,0.4861194,0.5978087,-1.874287,0.5978087,7.382218,1.191213,68.2601,1.454034,4.325375,0.5311054,-0.5299164,0.5565189,-0.2002824,0.5565189,0.1345674,1.164692,66.88242,0.568081,4.332132,0.4569767,0.9793323,0.5703793,0.3264936,0.5703793,2.659072,1.218786,66.20055,1.120192,4.406697,0.5112153,-0.9435401,0.5821624,-0.8803961,0.5821624,1.034562,1.339754,63.61372,2.020147,4.018064,0.3130073,-0.3142656,0.4226333,-0.4127707,0.4226333,1.142303,0.9388998,64.44844,0.5195243,3.865586,0.389092,-1.408149,0.3989058,-1.180553,0.3989058,3.114049,0.3092434,62.14212,0.2977725,3.860072,0.3186843,-5.682287,0.4100748,-7.478185,0.4100748,28.82505,1.09939,62.07673,0.06942248,3.853573,0.3060848,-2.237953,0.3964038,-1.973739,0.3964038,9.392693,0.9327485,61.74139,0.6597152,3.892625,0.3325407,-2.627705,0.5310684,-2.682482,0.5310684,10.48187,1.434323,60.38276,1.427087,3.903226,0.3491699,-1.733547,0.4139581,-1.854243,0.4139581,6.294422,0.9547599,60.52276,0.6876887,3.706086,0.506784,-0.1565,0.3620463,-0.4138404,0.3620463,-0.1720965,0.9649907,57.0416,2.108752,500,0,1.075927,22.47939,0,23.57129,2.775465,1.363228,-37.53894,0.9659024,0.7607957,1-53952,532573778044020736,140.1387,0.721037,473,51929,84
2190038927987992576,134.5886,5.6486,124.2562,3.668818,-6.684189,5.291796,0.7342469,3.70462,30.58095,2.125419,-5.012147,0.3225049,-6.170007,0.3225049,102.5598,8.052238,75.44317,0.461476,30.21226,2.117532,-5.012147,0.3225049,-6.170007,0.3225049,97.24659,7.982545,75.35548,0.7299837,30.89858,2.065209,-1.095228,0.2283191,-0.5418652,0.2283191,17.12171,4.111028,71.95927,1.434567,48.70515,1.560481,1.440606,0.1447364,0.002783723,0.1447364,9.047482,4.178894,67.03545,0.2884871,53.85403,1.79881,-0.1714101,0.1405952,-0.318729,0.1405952,25.50245,4.42704,62.89389,1.443036,56.3053,1.648925,-0.9432399,0.1649933,0.1727417,0.1649933,-4.712884,4.885165,62.53793,0.5264899,71.54847,1.585864,1.634423,0.1132646,-0.840518,0.1132646,60.72355,5.276264,56.59891,1.057469,71.92941,1.618532,-1.069892,0.1293434,-0.6447546,0.1293434,47.5607,6.360647,55.78611,0.4825792,70.83767,1.690017,-0.6937911,0.1228986,-1.755722,0.1228986,103.7862,6.044451,55.42847,1.688039,81.55283,1.19667,-0.02781377,0.09596486,-0.01251091,0.09596486,6.890026,5.693512,61.18857,0.1809979,78.71993,1.045398,-0.6386635,0.1166565,-0.5332018,0.1166565,41.47203,6.736854,62.2494,0.3486551,83.36464,5.342433,-2.047503,0.122047,-1.93849,0.122047,111.0883,3.038563,59.18245,2.91976,83.4507,5.656557,-1.794559,0.1215208,-3.681756,0.1215208,287.3205,9.364103,58.98634,0.8315161,83.2351,5.817424,-3.867286,0.1320074,-3.987616,0.1320074,335.068,9.164998,58.72986,1.014258,80.2733,1.402133,-1.486296,0.1237141,-1.624026,0.1237141,140.2904,7.967869,56.97887,1.29326,80.14007,1.315974,-1.344941,0.1228581,-1.28804,0.1228581,107.4871,7.802656,56.77487,0.3256705,75.77477,1.195544,0.002835815,0.0872707,-0.07664186,0.0872707,4.501067,7.113789,51.6708,0.8165939,118.028,197.8968,28.5496,-25.32106,0.5194815,150.9136,113.3853,7.349024,-16.07248,1.167213,0.7372592,1-389509,2190038927987992576,147.539,33.56933,1945,53387,595
662142978986371072,314.2589,18.50664,262.8653,25.05008,35.64334,17.18772,56.44854,25.90943,40.84415,3.883818,-0.2035428,0.3617002,-1.537319,0.3617002,44.6983,22.59212,76.76061,0.8552881,40.77655,3.85761,-0.2035428,0.3617002,-1.537319,0.3617002,16.77687,22.2645,76.70385,0.5704898,38.2431,3.134468,-0.1440941,0.2822039,0.3379549,0.2822039,-17.60685,8.435456,73.69741,0.7614122,66.77407,2.313359,0.765476,0.1555634,-0.5219396,0.1555634,34.85402,9.22828,69.17958,0.5505788,76.47153,2.563473,-0.9492003,0.1465746,-1.128391,0.1465746,85.08146,10.27097,65.09216,0.4588688,79.26315,2.169462,-1.29513,0.1704368,0.2802011,0.1704368,-12.76693,9.845969,64.72769,0.6111379,103.8701,3.561162,1.062785,0.1161789,-1.093036,0.1161789,122.1272,12.00934,58.05087,0.4370407,104.4389,1.952595,-0.6872742,0.1234587,-0.07738198,0.1234587,3.472905,11.3338,56.99744,0.523113,100.1801,2.593828,0.462943,0.1245799,-0.5087453,0.1245799,54.58718,11.01067,56.50378,1.128396,120.8988,2.750588,0.6324431,0.09421642,0.3235748,0.09421642,-50.51598,12.11876,62.67927,2.925191,117.694,1.283072,-0.05747574,0.1118998,-0.03713625,0.1118998,7.047256,13.19912,66.01546,0.3180815,123.6937,8.532531,-0.8290619,0.1149197,-0.6575156,0.1149197,70.49139,6.654101,63.39077,1.351723,123.666,8.309805,-1.695889,0.1193131,-3.14646,0.1193131,411.6574,22.65424,63.24428,2.609627,123.4249,8.260866,-1.726871,0.1197556,-1.8004,0.1197556,212.6183,20.07029,63.01546,2.181437,121.093,2.600623,-0.3295688,0.1158808,-0.515202,0.1158808,71.96246,15.31919,61.57219,0.3873005,121.0052,2.546003,-0.2325337,0.1148453,-0.2542162,0.1148453,23.4066,15.15648,61.42122,0.6264524,115.6641,2.040625,0.2123799,0.08557165,-0.03437069,0.08557165,24.49705,14.96925,57.13055,0.9248255,309.0246,66.68704,1013.02,33.85679,0.8045846,399.7306,73.08292,16.31403,229.8885,0.7149449,0.7576888,1-83393,662142978986371072,223.1468,4.545883,588,52045,414
845611066065971200,56.86462,1.834489,60.98575,1.16866,2.536366,1.379742,2.199992,0.9088549,0.5366172,3.838001,0,-1,0,-1,0,-0.7709566,0,0,0.5366172,3.872307,0,-1,0,-1,0,-0.7709566,0,0,14.64432,3.522996,-4.655643,0.831902,-3.321073,0.831902,55.05114,6.470088,82.93175,2.923836,18.97545,1.91462,2.001517,0.4436856,-0.2758009,0.4436856,17.12538,4.262517,78.79605,0.7843615,20.1465,1.660896,-0.1405633,0.3843618,-0.9515511,0.3843618,36.02774,3.904106,74.73331,0.2734536,20.59695,1.712472,-2.068032,0.452478,-0.6605833,0.452478,14.79046,4.084964,74.3703,0.6605698,23.85999,1.245198,-0.8655047,0.2837987,-3.193543,0.2837987,81.2496,3.930627,66.73218,0.8559458,24.94576,1.52742,-7.724531,0.2992606,-7.476194,0.2992606,183.0973,5.022851,65.37612,0.6607283,24.66625,1.307385,-22.51644,0.3886665,-23.33884,0.3886665,575.2673,8.152906,64.72051,0.920467,25.75598,1.113005,-1.165105,0.229603,-0.972076,0.229603,17.27246,3.264073,64.86186,1.005762,24.81211,0.8832335,-0.8355367,0.199139,-0.7361677,0.199139,22.25697,3.01984,64.65027,0.49484,25.06192,1.045753,-4.36634,0.2057146,-4.159367,0.2057146,111.2047,1.650186,61.54946,0.66127,25.07424,1.002367,-12.18686,0.2564923,-14.07854,0.2564923,354.5379,5.443114,61.39184,0.5147987,25.07385,0.9700824,-13.59373,0.2589361,-13.58041,0.2589361,335.4191,4.977338,61.14835,1.588346,24.7599,1.13149,-4.266075,0.2272333,-4.409178,0.2272333,107.5597,3.70647,59.68,1.423364,24.70079,1.108963,-3.688046,0.2252027,-3.685769,0.2252027,84.8923,3.481266,59.53246,0.7538422,23.33164,0.9783756,-0.486096,0.1504533,-0.7253751,0.1504533,15.17373,2.969262,55.68339,1.008836,60.86055,0,1.090297,2.718304,0,62.78571,576.5544,8.202493,1.311415,0.9001504,0.7709566,1-120103,845611066065971200,1.581714,14.32743,751,52251,219
828801456919308288,61.29478,9.007501,101.4518,10.65952,9.835869,6.489149,13.30674,9.361423,12.79262,2.730548,-0.3171813,0.9231969,-1.138137,0.9231969,18.69514,7.100936,68.83743,0.6948895,12.76566,2.738346,-0.3171813,0.9231969,-1.138137,0.9231969,2.926537,6.863864,68.80413,0.3385925,11.56748,1.811887,-1.641718,0.6373173,-0.8387824,0.6373173,13.09219,3.860907,67.02036,0.1685978,19.0043,1.42281,1.544707,0.3271744,-0.01915602,0.3271744,2.273611,2.74243,64.1878,0.5806639,20.25403,1.379433,-0.08167183,0.2851725,-0.5917985,0.2851725,2.138547,2.464895,61.49063,1.177498,21.31235,1.286252,-1.05431,0.3228917,-0.7292626,0.3228917,-1.695362,3.318519,61.25322,1.281679,26.90722,1.237697,1.798992,0.2018353,-0.2348305,0.2018353,14.00831,2.691564,56.40675,0.3159924,27.07862,1.102498,-0.8671685,0.2056085,-0.383127,0.2056085,4.720147,3.208453,55.57825,0.6871535,27.02519,1.056805,0.5015486,0.1966922,-0.3009335,0.1966922,11.40295,3.222356,55.18153,0.8794695,32.69214,1.05929,-0.0291249,0.1588353,-0.005536234,0.1588353,1.955061,2.852144,60.3772,0.9288925,32.81741,0.7307459,-0.09428696,0.1521247,-0.1182892,0.1521247,6.055725,3.377701,62.45557,0.4782444,34.3222,1.546237,-0.9247359,0.1488791,-0.8169834,0.1488791,17.84652,1.336793,60.11185,2.444466,34.27604,1.501263,0.08240021,0.1421418,-1.741908,0.1421418,50.45084,3.412537,59.98102,0.09488533,34.22329,1.34378,-1.576219,0.1507624,-1.590785,0.1507624,53.82923,4.032071,59.77665,0.5061392,34.09653,0.9784412,-0.262141,0.1538943,-0.3919708,0.1538943,13.02212,3.599885,58.48678,0.4995691,34.14626,1.002599,-0.4761831,0.1537477,-0.4939231,0.1537477,14.55136,3.631628,58.3518,0.507992,33.68326,1.764367,0.06735002,0.1278375,-0.2538753,0.1278375,6.707444,3.857441,54.50367,1.746601,81.40382,19.60792,13.42217,54.8044,0.4094645,93.57349,11.45019,3.657997,-44.11126,1.05116,0.8010977,1-115435,828801456919308288,334.2415,13.54307,736,52221,506
2524378986369280000,1,0,55.81225,66.34774,19.899,18.85715,8.989993,44.54916,6.033627,2.558861,0,-1,0,-1,0,-1.033931,0,0,6.033627,2.50929,0,-1,0,-1,0,-1.033931,0,0,13.68952,1.84035,-0.2687504,0.5683595,-0.3304054,0.5683595,1.968447,3.672083,73.04316,1.721226,21.67978,1.508301,0.7844315,0.3051294,-0.3426823,0.3051294,3.002435,2.671958,68.98311,1.992068,24.24896,1.22598,0.04558798,0.2687654,-0.3753416,0.2687654,2.480875,2.436513,65.30545,0.5083254,25.13191,1.206622,-0.2953288,0.3030796,-0.005661805,0.3030796,2.328531,3.167748,64.99087,1.024296,29.61908,1.084913,2.367702,0.2035609,0.05703202,0.2035609,-1.126294,2.187172,58.91909,0.4885595,29.67803,1.086461,-0.3633278,0.2058429,-0.1331351,0.2058429,1.398713,2.924904,57.95607,0.5999624,29.11295,1.075465,0.9944393,0.2028648,-0.1841341,0.2028648,2.5526,2.960164,57.504,0.8865057,31.01649,0.9699284,-0.142543,0.1782119,-0.06112492,0.1782119,2.065489,2.614908,63.1679,0.290491,29.23454,0.8230219,0.1215071,0.16817,0.1072804,0.16817,-2.445292,2.795949,64.66963,0.8606243,29.85246,0.9597632,-0.1024975,0.1637718,-0.09535547,0.1637718,-0.449895,0.858214,61.36477,1.1819,29.77199,0.9395289,1.697251,0.1532892,-0.2803736,0.1532892,8.850195,2.03522,61.16493,0.2524885,29.66631,0.9270105,-0.01077779,0.1625846,-0.139795,0.1625846,-1.356987,2.588569,60.88522,1.153904,28.77036,0.7832675,0.241045,0.1683126,-0.0253779,0.1683126,-2.807277,2.743389,59.15582,0.2870189,28.65633,0.7998606,-0.155464,0.1968151,-0.1464681,0.1968151,3.945594,3.86867,58.97855,0.3618451,26.92877,0.8659979,0.3542377,0.1974185,0.1781652,0.1974185,-5.03682,6.79084,54.26078,0.07194515,1,0,1.462199,5.218278,0,1,4.107818,2.514151,206.6881,0.1049354,1.033931,1-457175,2524378986369280000,196.0332,27.96496,2242,54153,405
1937840930153326592,99.09126,1.561188,101.7087,2.151148,-0.435935,1.574974,-6.999014,2.019817,27.31639,2.934494,-6.910039,0.5071324,-6.075111,0.5071324,64.1694,9.479763,69.29769,1.374576,27.12112,2.88703,-6.910039,0.5071324,-6.075111,0.5071324,115.5784,9.028161,69.26478,2.578588,30.74095,2.344599,-0.8347366,0.294922,-0.07768132,0.294922,6.480148,4.856391,67.51979,0.4092067,39.75178,2.209994,1.832549,0.1885745,-0.8161027,0.1885745,46.65452,4.135993,64.90366,1.777596,40.81912,1.553588,-0.484526,0.1822485,-2.087527,0.1822485,88.08796,4.273698,62.54972,1.589903,42.15061,1.598971,-0.5935801,0.2128834,0.2451422,0.2128834,2.739225,4.301204,62.34064,0.8134753,48.86875,1.418063,-1.498329,0.15701,-4.188334,0.15701,217.3838,5.409885,58.55323,1.244441,50.02577,1.933376,-1.168733,0.151683,-0.9048951,0.151683,31.77012,4.486369,57.96672,0.5891604,49.62482,1.868749,-0.4124083,0.1477928,-1.092186,0.1477928,66.66264,4.739635,57.69352,0.682027,56.75118,2.61851,-0.3704801,0.1228172,-0.4333104,0.1228172,25.29159,4.570534,62.94117,0.570962,54.46302,1.088109,-0.8440092,0.1343176,-0.7279576,0.1343176,36.21795,5.055848,63.74827,0.2075551,56.72559,1.089918,-2.617402,0.1388855,-2.561896,0.1388855,154.1776,2.653965,60.46748,0.2743613,56.79173,1.093794,-17.0276,0.2701626,-19.09398,0.2701626,1076.889,14.52209,60.27378,1.327778,56.76305,1.192291,-8.226892,0.1708153,-8.333699,0.1708153,465.0354,8.004961,59.96947,0.4314654,56.50608,1.24395,-3.307228,0.1483503,-3.456355,0.1483503,194.8731,6.703044,58.0219,0.5366331,56.44987,1.397255,-2.248486,0.1438894,-2.2574,0.1438894,125.4202,6.114209,57.81634,0.345511,54.07332,1.133461,0.06387735,0.1027285,-0.1486851,0.1027285,8.739805,5.605585,52.08886,0.4716836,63.5406,172.9109,13.76971,16.95142,1.481412,95.78777,65.53357,5.291982,-1.137644,0.5869683,0.747852,1-335441,1937840930153326592,231.9476,9.624912,1721,53857,608
2523175846039021568,1,0,138.6806,59.61515,10.98126,14.06505,181.0684,54.62119,10.33141,2.503225,0,-1,0,-1,0,-0.7434993,0,0,10.33141,2.499456,0,-1,0,-1,0,-0.7434993,0,0,10.91767,1.500951,0.2074853,0.6300355,0.1321038,0.6300355,3.105297,4.189314,76.35761,0.5165872,18.06273,1.471595,0.371296,0.3293818,-0.5633003,0.3293818,4.796812,2.437204,73.31971,0.6197048,20.11943,1.16544,-0.3844305,0.2824504,-0.3412156,0.2824504,3.613152,2.309732,70.38874,1.437672,21.01748,1.368385,-0.7088897,0.3172997,-0.2932216,0.3172997,-4.066357,3.673925,70.11533,1.335198,25.97704,1.122466,2.350129,0.1904756,0.3783302,0.1904756,4.330772,2.071405,64.69629,1.04369,26.0714,1.055732,-0.4646485,0.1953866,-0.2748303,0.1953866,7.300795,3.709873,63.75376,0.617715,25.80418,0.883289,1.082486,0.2010778,-0.03132542,0.2010778,-1.431519,3.567366,63.30098,0.6823107,29.00056,0.851414,-0.04622526,0.1555681,0.01596011,0.1555681,-3.204057,2.071527,62.99149,1.573311,27.66021,0.6505051,-0.2980621,0.1511777,-0.2480317,0.1511777,6.426033,3.357486,62.84941,0.3322331,28.25065,0.7188941,-0.4303006,0.1488707,-0.213148,0.1488707,1.235541,1.013815,59.77816,1.782783,28.27817,0.7084121,1.773402,0.1375673,-0.007013665,0.1375673,9.036669,1.739179,59.58453,7.320881,28.26698,0.7682756,-0.02413504,0.1439226,-0.1042785,0.1439226,3.726676,3.057898,59.31207,1.457952,27.78276,0.6168482,0.1914843,0.148682,-0.0747395,0.148682,1.088283,3.122946,57.61117,0.4140491,27.71036,0.6239057,-0.1503082,0.1575592,-0.2407644,0.1575592,4.998193,3.581604,57.41109,0.7652213,26.35465,0.7117816,0.2239571,0.1130287,-0.0355342,0.1130287,3.62299,4.946899,52.38611,0.5661897,1,0,1.051467,10.82997,0,118.3297,-1.247791,3.504479,109.1489,0.8092062,0.7434993,1-456698,2523175846039021568,194.5314,26.32685,2241,54169,124
827701675413235712,25.10217,65.7281,338.6567,124.9885,-33.37674,24.1415,-300,0,13.90145,3.249233,3.066154,0.9962487,0.8094135,0.9962487,-12.78767,28.90134,76.43079,1.014375,13.25336,3.224608,3.066154,0.9962487,0.8094135,0.9962487,-16.09736,29.69383,76.36897,0.9312739,14.14534,2.40686,1.176607,0.646256,1.058543,0.646256,-14.31784,8.392452,73.14677,1.032344,25.53716,1.909275,0.7916151,0.3443226,-0.1602949,0.3443226,6.204443,4.05372,68.3471,1.248999,28.99536,1.435908,-0.4730493,0.2546964,-0.2863464,0.2546964,6.935899,3.102167,64.13259,0.4005923,29.83146,1.416087,-0.7641072,0.2946284,0.5256576,0.2946284,-15.68918,7.578365,63.77855,0.9626837,39.39808,1.17308,2.164736,0.1715482,0.04055042,0.1715482,-0.6934543,2.696746,57.20899,0.9497038,39.77412,1.175891,-0.6096735,0.1786952,-0.07889929,0.1786952,7.42841,7.314256,56.22629,1.108135,38.79391,1.069968,0.9669147,0.1724695,-0.01822123,0.1724695,1.560406,6.792806,55.7725,0.6461086,46.29169,0.9695477,-0.2311061,0.1350827,-0.1757326,0.1350827,5.627624,3.229902,61.8253,0.1892509,45.0789,0.78707,-0.05611898,0.1407122,0.006957889,0.1407122,2.885335,7.318739,62.44431,0.4253258,46.51842,0.9815173,-0.2272746,0.13358,-0.1247771,0.13358,-3.058555,2.27355,59.64423,0.5658727,46.50424,0.9811587,1.679944,0.1244362,-0.1112467,0.1244362,5.405846,2.960818,59.46917,0.1353132,46.2263,0.8344514,0.2445619,0.131024,0.2123019,0.131024,-9.225307,6.857544,59.22309,0.5577253,45.35539,1.077692,0.3022041,0.1426056,0.03653732,0.1426056,-2.8505,8.5329,57.67405,0.7816429,45.29234,1.101923,0.194114,0.1394377,0.1699408,0.1394377,3.161552,8.331105,57.5125,1.021081,42.57331,1.125679,0.09812375,0.1181726,0.02547027,0.1181726,-8.069155,8.485507,53.00224,1.37171,212.5803,-25.15385,356.3589,-230.508,1.056241,497.8593,1.879964,8.321013,-300,0.5248028,0.7794603,1-115158,827701675413235712,333.3396,13.43648,735,52519,601
2522073304949352448,11.61935,38.08005,34.72176,25.02393,20.44803,6.565725,12.31991,12.19118,15.05965,1.825254,0,-1,0,-1,0,-0.7536997,0,0,15.05965,1.881234,0,-1,0,-1,0,-0.7536997,0,0,8.662244,1.497709,-0.582895,0.6694377,0.5952355,0.6694377,3.121322,2.736473,80.57841,0.973001,12.7941,1.088935,1.944436,0.3459739,-0.2614028,0.3459739,3.649199,1.805319,77.4795,0.7398307,12.84725,0.8909525,0.7201793,0.306327,-0.1865679,0.306327,5.493033,1.717333,74.81078,1.10897,13.29467,0.8394623,-1.261078,0.3431634,-0.4491989,0.3431634,2.06308,1.843087,74.24504,0.6715505,15.12774,0.7038301,2.10244,0.2164865,-0.3658763,0.2164865,3.214471,1.370856,69.34328,0.7156573,15.45861,0.723748,-0.1730048,0.2194353,0.1850574,0.2194353,2.081875,1.580954,68.334,0.351497,15.40526,0.6805766,0.4975763,0.2123175,-0.4131024,0.2123175,3.369938,1.570369,68.18565,1.107792,16.35822,0.7474044,-0.05250813,0.1938026,-0.01080019,0.1938026,0.8704451,1.580333,69.87259,0.7523546,15.40836,0.3853405,-0.1070643,0.1797034,-0.03728371,0.1797034,-0.7972273,1.392397,67.60215,0.5541499,15.47921,0.5209011,-0.2140573,0.1701275,-0.08351612,0.1701275,2.746481,0.4936708,64.25753,0.3753941,15.45847,0.504169,0.8594519,0.1618439,-1.095285,0.1618439,16.95688,1.53638,64.18992,1.05975,15.39165,0.5225767,-0.4504142,0.1669695,-0.46591,0.1669695,8.284022,1.489024,63.90638,0.4615256,15.18298,0.4895032,0.1286914,0.1789058,-0.03626037,0.1789058,5.254029,1.456301,62.17827,0.9040596,15.17331,0.5793695,-0.2418475,0.1949895,-0.2955825,0.1949895,4.617335,1.62227,62.12514,3.02808,14.33173,0.447022,0.4141032,0.1349874,0.1610034,0.1349874,-4.185352,2.910587,57.82004,0.6186879,8.419646,0,1.065892,14.81711,0,77.30965,4.4464,2.157553,-16.77353,1.074826,0.7536997,1-456399,2522073304949352448,193.3403,26.36142,2240,53823,209
482001465074804736,79.434,11.42161,105.5963,8.49253,16.3882,9.166228,26.30525,7.550483,11.82796,2.948823,-1.656286,1.021284,-3.440413,1.021284,28.62712,7.765368,72.06335,1.335379,11.85935,2.736416,-1.656286,1.021284,-3.440413,1.021284,17.99836,7.993816,72.01237,1.031111,10.78509,2.209962,0.4510208,0.8488611,-0.07841411,0.8488611,0.9749629,4.79205,69.32101,0.7228857,21.19342,1.647159,0.589305,0.3405191,-0.09936617,0.3405191,4.222278,3.513827,65.3213,1.367226,23.60566,1.44081,-1.631198,0.2996489,-0.8033151,0.2996489,12.33354,3.520313,61.75522,0.9731801,24.96135,1.488726,-0.5411938,0.32208,0.7580273,0.32208,0.42367,3.89854,61.43989,0.7104979,33.35202,1.017868,1.732234,0.1837271,-0.321131,0.1837271,11.61255,3.245948,55.77406,0.7203807,33.49611,1.334318,-0.6538661,0.1822721,-0.1500497,0.1822721,2.752893,3.56974,54.90547,1.393456,32.65408,1.26655,0.2596626,0.183171,-0.7517708,0.183171,23.97817,3.779216,54.50176,0.696229,38.65645,0.9210765,0.1374728,0.1396882,0.2020436,0.1396882,-3.362389,3.253109,66.37153,0.6388432,37.57117,0.6290433,-0.1924666,0.1309178,-0.2309331,0.1309178,4.699323,3.26692,62.21884,0.7186204,38.53596,1.500662,-1.199821,0.1435176,-0.9235169,0.1435176,23.72849,1.388909,59.84188,1.850954,38.48165,1.327826,0.2828369,0.1315315,-1.305337,0.1315315,45.96955,3.829662,59.71417,0.6100381,38.31575,1.502423,-1.945386,0.1374592,-1.905103,0.1374592,71.57061,4.189267,59.51566,0.8001263,37.49256,0.8805256,-0.3767339,0.1290237,-0.5527548,0.1290237,20.59012,3.477841,58.28428,0.9837006,37.45582,0.8971431,-0.2794869,0.1273963,-0.2283631,0.1273963,8.993759,3.378798,58.1573,0.8399353,35.42993,0.7458489,0.3931203,0.09804341,0.3298535,0.09804341,-12.40275,3.396617,54.64192,1.482876,1,43.37575,7.769091,20.3901,1.102578,96.00215,23.46938,4.290951,-7.812578,0.5534391,0.7837056,1-42184,482001465074804736,32.41449,13.98319,428,51883,423