plateifu,mangaid,objra,objdec,VI_morph,DR
10001-1902,1-48201,134.1939234,56.786747,S0,16
10001-6103,1-48208,134.0081231,57.39096437,S0,16
7443-12701,12-98126,230.5074624,43.53234133,S0,16
7443-6104,12-84677,232.1580689,42.44201681,S0,16
7495-3704,12-129601,204.5862843,26.7597426,S0,16
7957-1901,1-634477,255.8952838,36.4015364,S0,16
7957-1902,1-547135,256.7756559,35.63997803,S0,16
7964-6103,1-179135,315.474939,-0.304685068,S0,16
7972-12703,1-113265,316.4909133,9.155321093,S0,16
7977-3702,1-114928,331.0809253,12.96837782,S0,16
7990-3704,1-24394,262.0749216,56.77477957,S0,16
7991-12705,1-25937,261.1156088,56.29601023,S0,16
7992-9102,1-22948,254.542084,62.41564796,S0,16
8081-6102,1-38033,49.94013722,-0.077189233,S0,16
8081-6104,1-38136,49.48363311,1.04534963,S0,16
8082-6102,1-38167,49.94591684,0.58458003,S0,16
8083-3701,1-38189,50.19979282,0.185604407,S0,16
8083-3702,1-38173,49.97322565,0.391442192,S0,16
8086-1901,1-229012,57.11265442,-0.788729667,S0,16
8086-9101,1-228997,57.24298558,-0.521120145,S0,16
8131-9102,1-377125,112.2213595,41.30781184,S0,16
8132-1902,1-377626,110.4506068,42.28630724,S0,16
8133-3701,1-377686,112.079253,43.30211844,S0,16
8134-6102,1-378148,114.9245079,45.9126097,S0,16
8138-6102,1-339061,117.1443425,44.68828516,S0,16
8141-3703,1-339057,117.4714538,44.87315526,S0,16
8144-1901,1-121035,113.6784452,30.01889582,S0,16
8146-12703,1-152719,116.6050861,30.44049222,S0,16
8146-12705,1-201561,118.0532144,28.77257956,S0,16
8147-3704,1-146046,118.3239632,27.46073796,S0,16
8150-6104,1-389509,147.5390157,33.56934712,S0,16
8243-3702,1-47302,130.414365,53.28107758,S0,16
8243-6103,1-47342,129.1748904,53.72723084,S0,16
8244-3701,1-73651,132.3843944,50.87412731,S0,16
8244-3703,1-47627,131.9927583,51.6010158,S0,16
8244-6104,1-47862,133.0273865,52.93275339,S0,16
8250-12701,1-558248,139.1931505,42.50677999,S0,16
8254-12705,1-256131,164.6264146,44.04342637,S0,16
8254-9101,1-275340,161.2617016,43.70475817,S0,16
8274-6101,1-277103,163.7347941,41.49846159,S0,16
8309-6101,1-576467,210.19032,51.728684,S0,16
8311-6102,1-519407,203.7386519,22.58306623,S0,16
8312-3701,1-211006,246.9944805,39.6039607,S0,16
8315-3701,1-322679,235.7094912,38.2238412,S0,16
8315-9102,1-236776,235.2080073,38.51345899,S0,16
8319-12702,1-285052,199.0614905,47.59936439,S0,16
8319-3702,1-234004,198.7431658,48.19461729,S0,16
8323-3702,1-402833,195.1167968,34.37967217,S0,16
8326-6103,1-320664,214.8189925,48.06100457,S0,16
8331-6104,1-250969,206.2962739,42.31951338,S0,16
8332-6103,1-251119,207.6574299,43.76413131,S0,16
8335-1902,1-252147,218.1676448,40.95422827,S0,16
8335-6101,1-251788,215.2292407,40.12102739,S0,16
8338-3701,1-491200,172.246908,22.95990585,S0,16
8341-1901,1-259091,190.5824315,45.43786464,S0,16
8341-3703,1-283246,191.0788737,46.40713087,S0,16
8440-12704,1-217018,136.1423381,41.39782718,S0,16
8442-6103,1-409567,197.580145,32.02340506,S0,16
8443-3702,1-423101,207.0670743,25.73348698,S0,16
8444-6103,1-625602,200.4415752,33.18280444,S0,16
8444-6104,1-420732,203.2463705,32.32044657,S0,16
8447-1902,1-260744,208.0636134,38.93507976,S0,16
8449-3702,1-489766,169.4911967,22.50297351,S0,16
8450-6103,1-489649,171.9548268,21.38610294,S0,16
8453-3704,1-167582,154.4808329,46.60328571,S0,16
8454-12705,1-586585,154.85845,44.404681,S0,16
8462-1901,1-301331,145.8140399,36.231443,S0,16
8481-6102,1-91580,239.554209,54.61556205,S0,16
8482-6104,1-542370,244.5540233,49.86842363,S0,16
8483-12703,1-542318,245.2483138,49.00177722,S0,16
8483-3701,1-93375,245.4543652,47.05211803,S0,16
8484-3702,1-94027,247.7308648,45.88004946,S0,16
8486-6102,1-134020,238.0468936,48.04391629,S0,16
8550-3704,1-211311,248.4263858,39.18511968,S0,16
8551-9102,1-247882,235.6693623,45.43208579,S0,16
8553-12705,1-90901,235.4638824,55.46785355,S0,16
8553-6103,1-632698,231.5029537,56.82681933,S0,16
8554-3703,1-419345,183.3968944,35.80017552,S0,16
8566-1902,1-338593,113.4172898,41.68527786,S0,16
8568-3701,1-392010,154.6361632,36.26215187,S0,16
8591-3702,1-245088,212.6120868,54.61957409,S0,16
8592-3701,1-246203,220.8531234,52.61452709,S0,16
8595-6104,1-246027,219.3966141,51.58313409,S0,16
8597-1902,1-198125,223.3912441,48.69878971,S0,16
8597-6102,1-246535,225.8073743,48.89887128,S0,16
8600-1901,1-633729,242.5852246,43.00964346,S0,16
8603-12703,1-135133,247.2826464,40.6650475,S0,16
8603-9101,1-135134,247.2256243,40.86661117,S0,16
8604-9101,1-594505,247.3333271,39.42899256,S0,16
8606-6103,1-95657,253.6327729,37.63138859,S0,16
8611-3701,1-25676,261.8412456,59.64380008,S0,16
8611-3702,1-25659,261.4639383,60.1941171,S0,16
8615-6101,1-179929,319.5945647,0.291590354,S0,16
8618-9101,1-596095,318.0865638,11.22023604,S0,16
8624-6103,1-25707,261.9542033,58.69833238,S0,16
8625-3703,1-23927,259.3763072,57.06810325,S0,16
8626-6104,1-24416,263.033161,56.87874753,S0,16
8626-9102,1-634800,263.43932,56.708536,S0,16
8711-9101,1-378881,117.4684414,50.77123161,S0,16
8713-1901,1-43541,116.8477865,39.19593129,S0,16
8718-3701,1-44113,120.2064094,44.69117049,S0,16
8719-1901,1-548191,121.17614,46.733424,S0,16
8719-3704,1-44700,121.4079898,46.7074016,S0,16
8720-3702,1-45399,123.0706714,49.37745577,S0,16
8724-3701,1-47272,131.7931772,53.83060813,S0,16
8725-3704,1-73029,125.7241409,45.71877191,S0,16
8726-6102,1-217686,116.647649,22.4160586,S0,16
8931-1901,1-456371,194.016556,27.1504442,S0,16
8931-6103,1-591183,194.8062275,27.77460201,S0,16
8932-6104,1-404171,195.5361048,28.38709153,S0,16
8934-12705,1-403685,196.8173486,28.28392205,S0,16
8934-3703,1-457122,195.1214583,26.67535657,S0,16
8934-6104,1-404135,196.5229603,28.59295396,S0,16
8935-1902,1-457206,196.4535719,28.10652776,S0,16
8936-9102,1-152777,117.116454,30.06909616,S0,16
8940-3701,1-218077,120.2511759,24.63987389,S0,16
8941-1902,1-163917,120.3116394,26.33317649,S0,16
8943-12701,1-392720,156.0250586,35.8187952,S0,16
8945-1901,1-279544,172.3657294,47.69629348,S0,16
8946-3701,1-279147,168.9577269,46.31956445,S0,16
8946-6102,1-279532,170.8082726,46.99780245,S0,16
8948-1901,1-587930,165.73913,50.670235,S0,16
8948-3704,1-148893,166.4085637,50.35042308,S0,16
8949-6102,1-623758,195.2946151,27.80288541,S0,16
8950-12703,1-456610,194.874839,27.95644971,S0,16
8950-1902,1-456308,194.8071141,27.40254478,S0,16
8952-3704,1-458209,206.0857212,26.08419205,S0,16
8978-6103,1-94422,250.4532032,41.81873748,S0,16
8979-1901,1-248443,242.3186184,41.74572779,S0,16
8980-3702,1-236045,225.6764531,43.24241566,S0,16
8982-1901,1-458044,202.0570284,26.45654088,S0,16
8985-3702,1-420908,204.0826618,32.87509535,S0,16
8989-3701,1-174979,176.9543568,50.40535022,S0,16
8990-1901,1-174623,172.9290515,49.28323849,S0,16
8990-6102,1-174826,173.6790713,49.0908237,S0,16
8990-6103,1-589092,174.72712,49.66036,S0,16
8992-1902,1-149501,173.721052,51.09146236,S0,16
8992-3701,1-149496,172.6219317,50.76527092,S0,16
8996-3702,1-187429,172.3306157,54.12608477,S0,16
8996-3704,1-149709,173.4128685,52.67458671,S0,16
8997-3703,1-149589,170.7234497,51.3417778,S0,16
8999-12702,1-148652,163.9617276,49.67810333,S0,16
8999-6101,1-148649,164.0004849,49.952908,S0,16
9026-1902,1-94773,249.3024271,44.08551071,S0,16
9026-9102,1-94720,250.8636141,43.35318046,S0,16
9033-6102,1-198007,223.0146622,47.07780105,S0,16
9035-3704,1-247675,236.6776249,43.37247911,S0,16
9037-3704,1-199454,235.1766583,43.75125249,S0,16
9039-9102,1-593805,230.5224906,33.14859447,S0,16
9041-12704,1-264488,237.151494,29.00190102,S0,16
9043-1902,1-632488,230.56456,27.699703,S0,16
9044-1902,1-632365,230.3032996,30.65792656,S0,16
9044-3701,1-632371,230.3101815,30.52305187,S0,16
9045-1902,1-315099,228.6327171,31.03095209,S0,16
9049-3704,1-295155,247.5306506,23.92595754,S0,16
9050-12705,1-295183,246.3073136,23.69994733,S0,16
9085-1901,1-177972,259.3564005,29.18554796,S0,16
9181-9101,1-71763,118.9382788,37.82156342,S0,16
9182-3703,1-72199,121.2724092,40.1745642,S0,16
9185-6101,1-561034,257.49138,34.370153,S0,16
9193-3702,1-37813,46.52125865,-0.53404909,S0,16
9196-1902,1-24553,261.10511,53.51792,S0,16
9196-3703,1-24661,262.3890816,54.30986001,S0,16
9486-6102,1-122361,122.3806437,39.80187983,S0,16
9487-3702,1-574506,123.33054,46.147157,S0,16
9487-9101,1-45179,123.5711965,46.01033153,S0,16
9488-6101,1-384171,125.6496557,20.99616555,S0,16
9490-3701,1-383608,122.3522585,19.62819733,S0,16
9491-3703,1-383214,120.4040529,18.88516844,S0,16
9492-3704,1-297846,116.9191707,18.47855339,S0,16
9497-1902,1-556829,117.50503,19.495915,S0,16
9502-3704,1-385108,129.4954628,25.04878086,S0,16
9505-6101,1-387035,139.854368,26.90892847,S0,16
9506-1902,1-386154,133.5751216,26.50611851,S0,16
9508-12703,1-298950,127.374084,26.54996094,S0,16
9509-3704,1-230100,122.7356208,25.68471302,S0,16
9512-6102,1-53916,139.357447,1.288343214,S0,16
9863-12702,1-456589,194.8340936,27.88600975,S0,16
9863-12705,1-456639,195.1354777,27.76614005,S0,16
9863-1901,1-591255,195.0536034,28.07550107,S0,16
9863-3704,1-456418,193.1711783,26.36582117,S0,16
9863-6101,1-455924,192.9324389,27.96282224,S0,16
9868-6103,1-321170,218.6626311,47.96833323,S0,16
9869-9102,1-135524,247.2566077,40.5348708,S0,16
9870-6101,1-199360,233.0662551,43.62936131,S0,16
9876-3704,1-457163,195.5043539,27.65298985,S0,16
9881-12704,1-523188,205.3262164,24.49620066,S0,16
9881-3703,1-458301,204.8913664,25.55609869,S0,16
9881-3704,1-568583,205.35571,23.247487,S0,16
9881-6101,1-523206,205.5431715,24.55791642,S0,16
9883-3703,1-176928,256.4620651,32.97538651,S0,16
9888-3701,1-593989,236.00803,27.699311,S0,16
10001-6102,1-48116,132.6539917,57.35966754,Spiral,16
10001-9101,1-48189,133.8780968,57.56454487,Spiral,16
7495-12705,12-129629,205.6092581,26.53687076,Spiral,16
7957-12705,1-547159,257.6306593,35.50673532,Spiral,16
7957-9101,1-177296,256.9444874,35.13413639,Spiral,16
7958-3702,1-177284,256.9926059,34.81853932,Spiral,16
7958-3703,1-177250,256.6640463,34.54300223,Spiral,16
7958-6101,1-547086,257.3836889,34.42703188,Spiral,16
7962-12701,1-177822,258.6594221,28.12076298,Spiral,16
7962-12702,1-178265,259.1944193,26.48130087,Spiral,16
7962-12703,1-178586,261.2173022,28.07829691,Spiral,16
7968-12703,1-180629,324.0919997,0.947726891,Spiral,16
7968-12704,1-180621,324.2598808,0.428240426,Spiral,16
7968-1902,1-180540,323.0338738,0.609774318,Spiral,16
7968-6102,1-180537,323.1786261,0.771349187,Spiral,16
7977-12703,1-115162,333.2018423,13.33412093,Spiral,16
7977-12705,1-596678,332.89284,11.795929,Spiral,16
7977-9102,1-114980,332.8306643,12.18471758,Spiral,16
7990-12701,1-24414,263.1501475,56.84525649,Spiral,16
7990-12704,1-25554,262.4860383,58.39740725,Spiral,16
7990-6103,1-25688,261.2848449,58.76468742,Spiral,16
7991-3703,1-24124,258.5302615,57.47743353,Spiral,16
7991-6102,1-24354,261.08183,56.87628,Spiral,16
7992-1902,1-23023,257.247919,62.89801908,Spiral,16
7992-6101,1-22301,253.4055591,63.03126992,Spiral,16
7992-6104,1-22662,255.2794883,64.67687817,Spiral,16
8077-12705,1-109081,41.69464,-0.72882685,Spiral,16
8078-12703,1-37211,42.57026673,0.091990149,Spiral,16
8078-12705,1-36897,42.27915,-0.90221,Spiral,16
8078-6104,1-37084,42.73942997,0.369408313,Spiral,16
8081-3704,1-38014,49.82144204,-0.969631343,Spiral,16
8081-6103,1-37936,48.06547714,0.240451563,Spiral,16
8082-12701,1-604017,48.89645601,-1.016286105,Spiral,16
8083-12703,1-38168,49.92933858,0.565477826,Spiral,16
8083-12704,1-604053,50.69678615,0.149366137,Spiral,16
8083-9101,1-38017,50.13841388,-0.339959846,Spiral,16
8084-6101,1-38299,51.69424872,-0.648169731,Spiral,16
8084-9102,1-38272,51.87840006,-1.127783045,Spiral,16
8085-12701,1-38368,51.40994103,-1.030120917,Spiral,16
8085-3704,1-38348,51.15551834,-0.444017558,Spiral,16
8085-6104,1-38470,51.70891381,0.198588834,Spiral,16
8086-9102,1-229060,57.24838236,0.925977123,Spiral,16
8132-12703,1-338629,113.2668755,42.47246161,Spiral,16
8132-12705,1-548025,111.93686,42.101512,Spiral,16
8132-6101,1-548024,111.73368,41.026691,Spiral,16
8133-12705,1-377841,113.747218,43.47251906,Spiral,16
8134-12701,1-377978,112.6986802,46.01011573,Spiral,16
8134-12704,1-548076,114.73363,47.473781,Spiral,16
8134-9102,1-339163,116.280207,46.07242123,Spiral,16
8135-12701,1-604761,113.4722748,37.02590458,Spiral,16
8135-6103,1-338220,113.057013,39.56007376,Spiral,16
8137-9102,1-43724,117.0386258,43.59070019,Spiral,16
8138-12701,1-338829,115.6334404,44.23381894,Spiral,16
8138-3702,1-339028,116.097926,44.52774148,Spiral,16
8138-6104,1-339258,117.2914197,46.46188305,Spiral,16
8138-9102,1-44219,118.3285438,45.46202603,Spiral,16
8139-12705,1-604821,116.43123,32.10292,Spiral,16
8139-6103,1-71167,114.190162,33.12275273,Spiral,16
8140-12701,1-43654,116.9303223,41.38637936,Spiral,16
8140-12703,1-43783,117.8984691,42.88011507,Spiral,16
8140-12704,1-43651,117.9237673,42.30357352,Spiral,16
8141-12701,1-338771,116.7326422,44.2656993,Spiral,16
8144-6104,1-152524,115.0483891,28.39464054,Spiral,16
8145-1901,1-201356,116.9935961,28.32480619,Spiral,16
8145-3702,1-201314,116.3795338,28.4410097,Spiral,16
8145-3704,1-556498,117.57035,27.856993,Spiral,16
8145-9101,1-201173,117.1086,27.2980447,Spiral,16
8147-6102,1-163831,118.6278435,25.81598648,Spiral,16
8149-12702,1-164109,119.609269,27.16154759,Spiral,16
8154-12705,1-37547,45.59815923,0.979293944,Spiral,16
8154-6102,1-37167,44.16958925,-0.245663318,Spiral,16
8154-9102,1-603941,45.96024802,-0.204456525,Spiral,16
8155-12704,1-38713,53.17033611,0.245738937,Spiral,16
8155-3701,1-38612,52.77892683,-0.915973761,Spiral,16
8239-6101,1-378327,115.3040684,47.67147842,Spiral,16
8241-12705,1-605282,127.6320083,18.2061099,Spiral,16
8241-6102,1-460288,126.0596334,17.33195052,Spiral,16
8241-9101,1-460840,126.8980192,17.91850881,Spiral,16
8243-12705,1-47765,131.614974,53.04563999,Spiral,16
8244-3702,1-47608,131.8150073,51.24580591,Spiral,16
8247-3701,1-585433,136.67142,41.365107,Spiral,16
8249-12703,1-137908,139.559191,45.6516889,Spiral,16
8249-6101,1-155463,137.5624565,46.29326966,Spiral,16
8250-12703,1-137912,139.6477435,44.59673701,Spiral,16
8250-6101,1-217221,138.75315,42.02438975,Spiral,16
8250-6102,1-217210,138.9026162,42.15722314,Spiral,16
8252-12704,1-185287,145.9438357,48.29071346,Spiral,16
8252-3702,1-156011,144.059863,48.74569769,Spiral,16
8253-6104,1-255248,158.2514248,42.92842262,Spiral,16
8254-12703,1-276761,162.0512761,45.59528997,Spiral,16
8257-12701,1-277290,165.4958184,45.22802434,Spiral,16
8257-3703,1-278062,166.6557003,46.03877757,Spiral,16
8257-6103,1-277453,164.6420958,45.81253498,Spiral,16
8258-12703,1-256574,168.1188267,44.15864995,Spiral,16
8258-12705,1-256002,167.1543766,43.00423735,Spiral,16
8258-9102,1-256301,167.2555625,44.41189145,Spiral,16
8259-12704,1-257957,180.1605688,44.40664558,Spiral,16
8259-6103,1-281037,178.8421258,43.76109403,Spiral,16
8309-9102,1-245472,211.9485642,53.37043704,Spiral,16
8311-6104,1-568584,205.28273,23.282055,Spiral,16
8312-12702,1-210923,245.2708705,39.9173908,Spiral,16
8312-12704,1-633990,247.3041252,41.15087236,Spiral,16
8312-12705,1-211023,247.1553761,39.69890557,Spiral,16
8312-3704,1-210754,247.1634847,39.51854615,Spiral,16
8313-9101,1-247980,239.6975459,41.93809747,Spiral,16
8313-9102,1-248357,239.9879455,41.47777513,Spiral,16
8315-12703,1-322802,236.2674028,39.85983111,Spiral,16
8317-12704,1-259142,193.7039898,44.15556572,Spiral,16
8317-9101,1-259175,192.4217563,44.29935845,Spiral,16
8318-12703,1-284485,196.2324195,47.50364367,Spiral,16
8318-12704,1-284317,197.1144831,46.56960142,Spiral,16
8318-6104,1-284525,198.3192696,47.08756163,Spiral,16
8320-6101,1-523004,206.6275291,22.70601919,Spiral,16
8322-12704,1-625154,199.0513713,30.95029902,Spiral,16
8322-1901,1-625070,198.7842455,30.40377497,Spiral,16
8322-6102,1-401757,200.2940658,30.33463956,Spiral,16
8322-9101,1-591611,199.60756,31.46795,Spiral,16
8323-12703,1-591308,195.41605,36.2901,Spiral,16
8323-12705,1-624367,196.7939145,34.29800747,Spiral,16
8323-6101,1-415476,196.9784007,34.08709955,Spiral,16
8325-9101,1-235186,210.842699,48.25308539,Spiral,16
8325-9102,1-235306,211.4226539,46.4274417,Spiral,16
8326-3704,1-235582,214.8502453,45.90079203,Spiral,16
8326-6102,1-235576,215.01791,47.12133,Spiral,16
8326-9102,1-235611,215.940813,45.93118544,Spiral,16
8329-6104,1-592743,213.110482,45.69041012,Spiral,16
8330-12703,1-285737,203.374602,40.52967029,Spiral,16
8330-9101,1-285728,203.958723,40.27168728,Spiral,16
8331-12702,1-285916,204.9910827,41.33807148,Spiral,16
8331-12704,1-250997,205.2510318,42.43141163,Spiral,16
8331-12705,1-260534,206.3344325,41.38893083,Spiral,16
8332-12701,1-250959,206.7098914,42.65128833,Spiral,16
8332-12702,1-251115,207.9288072,43.16660296,Spiral,16
8333-6102,1-251871,214.5067662,41.82764272,Spiral,16
8335-12705,1-251686,216.75986,39.95721,Spiral,16
8335-6102,1-252094,216.9047923,40.4073058,Spiral,16
8338-12701,1-614850,172.0511907,21.99684278,Spiral,16
8341-12704,1-620993,189.21325,45.65117,Spiral,16
8439-12702,1-155926,141.5393071,49.31020162,Spiral,16
8439-3701,1-605863,141.46005,49.329855,Spiral,16
8439-6102,1-155975,142.7781675,49.07974566,Spiral,16
8440-12701,1-216540,135.0651103,40.29673791,Spiral,16
8440-3703,1-216958,136.2002796,40.5917215,Spiral,16
8440-6102,1-216980,135.7200538,40.34668436,Spiral,16
8442-12703,1-625180,199.17463,31.36757,Spiral,16
8442-9102,1-625513,200.2228371,32.19076075,Spiral,16
8443-6102,1-422969,207.0615655,24.77771961,Spiral,16
8443-6103,1-627397,206.7690385,24.99648302,Spiral,16
8443-9101,1-592031,206.0169835,25.66351329,Spiral,16
8444-12703,1-422040,201.4111053,33.68043282,Spiral,16
8445-12701,1-591917,203.95819,34.998949,Spiral,16
8445-12703,1-409272,207.1261487,35.27274808,Spiral,16
8446-6104,1-410704,206.5414146,36.50438552,Spiral,16
8447-12701,1-260733,208.054735,39.50147645,Spiral,16
8448-12703,1-487432,166.808725,23.01924443,Spiral,16
8448-12705,1-487293,166.75565,22.29621,Spiral,16
8449-12701,1-488469,167.3805909,22.42800503,Spiral,16
8449-12702,1-488790,168.3751026,23.17700621,Spiral,16
8450-12705,1-489642,171.5780599,21.09623577,Spiral,16
8450-9102,1-491058,172.4285875,21.26002973,Spiral,16
8452-12703,1-148068,156.805685,48.24479143,Spiral,16
8452-12704,1-172986,157.3570804,47.23342998,Spiral,16
8452-3704,1-173030,157.5389942,47.27840298,Spiral,16
8453-12701,1-147514,151.3099499,46.65088903,Spiral,16
8454-12702,1-167242,153.0490211,45.14215792,Spiral,16
8454-6104,1-167488,154.8254403,45.81359448,Spiral,16
8456-12701,1-167167,151.1912857,44.70578001,Spiral,16
8456-12703,1-147485,151.8291046,46.54643749,Spiral,16
8456-12704,1-167337,150.8428784,45.76353607,Spiral,16
8456-6101,1-167166,151.2209144,44.63612263,Spiral,16
8459-3703,1-166947,147.335,43.44299,Spiral,16
8461-9102,1-166703,146.2067786,42.29380429,Spiral,16
8462-12702,1-232333,145.202128,36.45554033,Spiral,16
8462-12705,1-606005,145.597388,36.3497095,Spiral,16
8462-1902,1-301579,146.29654,36.53427,Spiral,16
8464-12701,1-258820,186.446891,45.9095701,Spiral,16
8464-12704,1-282712,187.9368934,46.13158849,Spiral,16
8465-12701,1-284428,195.9731683,47.38644446,Spiral,16
8465-12705,1-285004,198.2363151,47.45662801,Spiral,16
8466-9101,1-256860,170.2148472,44.59741198,Spiral,16
8481-12701,1-90807,236.7612726,54.34090102,Spiral,16
8481-1902,1-91339,237.6538589,53.39062197,Spiral,16
8482-12703,1-93640,245.5031111,49.52078993,Spiral,16
8482-12705,1-542392,244.2167168,50.28219598,Spiral,16
8482-1902,1-92547,243.1025647,48.52988604,Spiral,16
8482-9101,1-92626,241.7995511,48.57256251,Spiral,16
8482-9102,1-92744,242.9558797,49.22871276,Spiral,16
8483-12705,1-93466,247.7420749,48.28031115,Spiral,16
8484-12703,1-574355,248.78826,46.213895,Spiral,16
8485-12704,1-209287,233.6852177,48.73152156,Spiral,16
8486-6101,1-209428,238.0395529,46.31978973,Spiral,16
8547-12701,1-593159,217.6299707,52.70715903,Spiral,16
8547-6102,1-245670,217.3248602,52.66555988,Spiral,16
8547-9102,1-630590,218.9763433,53.39163684,Spiral,16
8548-6102,1-93236,245.522375,46.62420849,Spiral,16
8548-6104,1-93231,245.7473922,46.67532424,Spiral,16
8549-12702,1-210017,241.271447,45.44299217,Spiral,16
8549-3703,1-134239,241.4164424,46.84656069,Spiral,16
8549-6103,1-134293,240.4187408,46.08529175,Spiral,16
8550-12703,1-135054,247.6744302,40.52938938,Spiral,16
8550-12704,1-211063,247.058406,40.31383667,Spiral,16
8552-3702,1-321979,226.135574,43.8776585,Spiral,16
8552-9101,1-322020,226.9119302,44.55625925,Spiral,16
8554-12702,1-419536,182.721538,36.54577769,Spiral,16
8554-12705,1-401919,184.9326102,35.50702159,Spiral,16
8554-9101,1-419450,182.2828158,37.11086805,Spiral,16
8555-12702,1-633832,243.9687671,44.16131928,Spiral,16
8566-12703,1-43361,116.4660735,41.07568647,Spiral,16
8567-12703,1-378715,118.3286949,50.18553928,Spiral,16
8567-6101,1-351538,119.1451236,47.56385133,Spiral,16
8567-9101,1-351506,119.2844834,47.76563742,Spiral,16
8588-12702,1-634138,250.31305,39.29009,Spiral,16
8588-12705,1-135383,250.3128731,39.7523514,Spiral,16
8588-3701,1-210700,248.1405614,39.13102068,Spiral,16
8591-12701,1-245082,212.271994,53.79535532,Spiral,16
8591-12705,1-245404,213.933247,54.04313498,Spiral,16
8592-6102,1-246470,223.3207946,52.04426247,Spiral,16
8595-12702,1-245980,219.6986859,51.02236282,Spiral,16
8595-12705,1-246331,221.7865185,50.19570732,Spiral,16
8595-3702,1-197702,219.0427607,50.51882204,Spiral,16
8595-6102,1-197704,219.593188,50.69630723,Spiral,16
8597-12702,1-198153,224.2890789,48.63396851,Spiral,16
8597-12703,1-246549,225.388974,49.11242912,Spiral,16
8597-12704,1-246525,225.6056996,48.87768742,Spiral,16
8600-12701,1-210667,245.7265122,41.52057675,Spiral,16
8600-12704,1-210631,244.8829237,41.66246267,Spiral,16
8600-3703,1-135202,245.8658724,41.70638337,Spiral,16
8600-6103,1-210593,244.4197543,41.89915449,Spiral,16
8601-12705,1-135810,250.123144,39.23511449,Spiral,16
8602-12701,1-569169,247.04817,39.821898,Spiral,16
8602-12705,1-211074,247.4626868,39.76651093,Spiral,16
8602-3701,1-211264,247.3615427,38.41940265,Spiral,16
8603-12702,1-211227,246.869311,38.86910835,Spiral,16
8604-12703,1-135502,247.7641748,39.83850387,Spiral,16
8606-12701,1-95585,255.0298698,37.83950214,Spiral,16
8606-12705,1-176546,255.5174418,35.46315599,Spiral,16
8612-12702,1-96075,253.9463815,39.31053643,Spiral,16
8612-6104,1-95843,255.006946,38.81600935,Spiral,16
8613-12702,1-136125,254.0441402,34.83651981,Spiral,16
8615-12701,1-179900,319.3895751,-0.134736114,Spiral,16
8615-3701,1-550901,321.00791,-0.36632361,Spiral,16
8615-6104,1-179947,319.9018679,0.704249719,Spiral,16
8615-9102,1-180039,321.4740419,0.416058768,Spiral,16
8616-12702,1-289846,322.30605,-0.29476536,Spiral,16
8616-3704,1-180193,322.2420236,-0.342425989,Spiral,16
8616-6104,1-180334,322.9805307,0.213766757,Spiral,16
8623-6104,1-190574,311.7809712,0.300460704,Spiral,16
8623-9101,1-178698,311.3473642,0.49252863,Spiral,16
8624-9102,1-25740,263.8925814,59.88992275,Spiral,16
8625-12703,1-24161,259.682229,58.13511676,Spiral,16
8625-12705,1-24375,261.706139,56.81078188,Spiral,16
8626-12702,1-634795,263.2053621,56.90127005,Spiral,16
8626-12703,1-24482,265.1087751,56.70125092,Spiral,16
8626-1902,1-24246,264.84079,56.56707,Spiral,16
8626-3703,1-24440,264.6625448,56.82424365,Spiral,16
8655-3701,1-29512,356.751828,-0.447387404,Spiral,16
8712-12704,1-379708,121.0548304,55.39766526,Spiral,16
8712-6102,1-567961,119.84641,53.635414,Spiral,16
8713-6102,1-43589,117.6026928,38.4691486,Spiral,16
8713-9102,1-71974,118.85539,39.186094,Spiral,16
8714-6101,1-44210,118.7162481,45.82255463,Spiral,16
8715-12701,1-548157,118.3596,50.228421,Spiral,16
8715-12705,1-378795,118.9256155,50.17277247,Spiral,16
8715-9101,1-379087,119.9101153,51.79236257,Spiral,16
8716-9102,1-352103,123.0396445,52.45522934,Spiral,16
8717-9101,1-71525,118.3448525,36.27437882,Spiral,16
8718-12701,1-44303,119.1821518,44.85670853,Spiral,16
8718-12703,1-45126,122.0688935,45.34837365,Spiral,16
8718-6104,1-44633,121.58077,45.74343035,Spiral,16
8718-9101,1-44634,121.7627143,45.6764275,Spiral,16
8719-12702,1-44745,120.1992841,46.69052697,Spiral,16
8719-3701,1-548190,121.33414,46.71653,Spiral,16
8720-1902,1-351702,122.2617494,50.17867402,Spiral,16
8721-12705,1-48560,135.0905155,54.05224378,Spiral,16
8721-6103,1-55572,133.1213026,56.11268849,Spiral,16
8721-9101,1-48535,134.6723823,54.21813819,Spiral,16
8724-12701,1-47305,130.3352461,53.93865146,Spiral,16
8725-3703,1-73009,125.8209596,45.89686489,Spiral,16
8725-6102,1-73001,125.4590399,45.51963572,Spiral,16
8726-12701,1-163516,115.71704,22.11273,Spiral,16
8726-12702,1-217637,116.1838169,22.16017867,Spiral,16
8727-9102,1-51826,55.13062201,-6.439925088,Spiral,16
8728-12701,1-51939,57.72957495,-7.060647007,Spiral,16
8931-12702,1-622911,192.7649442,27.36996624,Spiral,16
8931-12704,1-456341,194.5065033,27.48967595,Spiral,16
8931-9101,1-455633,193.0738357,27.08555223,Spiral,16
8932-12701,1-456376,194.1191224,27.29124638,Spiral,16
8932-12704,1-457200,196.4728711,28.11243441,Spiral,16
8934-12701,1-403703,196.1627918,28.62890384,Spiral,16
8934-12702,1-456984,195.35885,27.885985,Spiral,16
8935-6104,1-457196,195.5329081,27.64831391,Spiral,16
8936-3703,1-604846,117.54378,30.68509,Spiral,16
8938-12702,1-201756,120.8143845,30.79651084,Spiral,16
8938-3701,1-201798,120.1476042,30.40174788,Spiral,16
8939-12703,1-298868,125.6032737,25.50907914,Spiral,16
8940-12702,1-163966,120.0874176,26.6135273,Spiral,16
8940-9101,1-163959,119.9838849,26.38296615,Spiral,16
8941-1901,1-146247,120.7239767,28.45712478,Spiral,16
8941-6103,1-163908,121.3313033,27.07113401,Spiral,16
8942-12702,1-218280,124.0033097,27.0758952,Spiral,16
8942-6102,1-218412,124.2674797,28.31508902,Spiral,16
8943-3702,1-558139,155.62507,36.599312,Spiral,16
8945-12701,1-588617,171.8980809,47.37939497,Spiral,16
8945-6104,1-279675,174.1281156,47.81722631,Spiral,16
8946-6101,1-278221,168.7520935,46.63452513,Spiral,16
8947-12703,1-174618,172.8866862,49.85750356,Spiral,16
8947-12704,1-149147,171.1026539,51.23494063,Spiral,16
8947-1901,1-149572,171.3836994,51.18040881,Spiral,16
8947-9101,1-149200,168.7345056,50.33487297,Spiral,16
8948-12702,1-148954,164.9711027,50.01520096,Spiral,16
8948-12704,1-173958,167.3060196,49.5194324,Spiral,16
8950-1901,1-456687,194.8195129,27.10612979,Spiral,16
8952-12701,1-626830,204.6838316,26.32853817,Spiral,16
8952-6103,1-626829,204.6741792,27.74241086,Spiral,16
8977-12705,1-153246,119.0443575,33.2450541,Spiral,16
8977-6103,1-604824,116.7539488,34.30028473,Spiral,16
8978-9101,1-135044,247.9079959,41.4936431,Spiral,16
8979-12701,1-210173,241.341763,42.48831227,Spiral,16
8979-3704,1-210461,244.4229653,40.93381763,Spiral,16
8979-6102,1-248420,241.8233892,41.40360426,Spiral,16
8980-12704,1-236133,225.59269,41.92164,Spiral,16
8980-12705,1-235988,223.9840927,42.15978259,Spiral,16
8982-12703,1-395528,203.8066634,27.63003609,Spiral,16
8982-6104,1-626502,203.0570626,26.94998106,Spiral,16
8982-9102,1-626395,202.6892,26.52161,Spiral,16
8983-12701,1-626658,203.8302081,26.42478084,Spiral,16
8983-12705,1-626684,203.9100443,25.87523738,Spiral,16
8983-3703,1-458396,205.438407,27.00473778,Spiral,16
8983-3704,1-423024,206.0079498,25.94119866,Spiral,16
8983-9101,1-568624,205.1294,26.307357,Spiral,16
8984-12704,1-395533,203.9376877,27.86760478,Spiral,16
8985-12702,1-415939,204.8595839,31.20799938,Spiral,16
8985-12703,1-420924,204.5543592,32.82284388,Spiral,16
8985-6102,1-420636,205.076051,32.1531397,Spiral,16
8985-6104,1-627238,206.1984171,31.6156729,Spiral,16
8985-9102,1-416039,205.8733962,31.00321782,Spiral,16
8987-12702,1-386453,136.1381993,28.34986231,Spiral,16
8987-3703,1-386452,136.2283393,28.3843145,Spiral,16
8987-6104,1-386822,137.1185688,28.91103516,Spiral,16
8987-9102,1-386695,137.9835056,27.8992697,Spiral,16
8989-1901,1-149758,176.0842643,51.01933033,Spiral,16
8989-3703,1-617323,177.4403602,50.52701641,Spiral,16
8989-9101,1-174947,176.3587338,49.87904056,Spiral,16
8992-3702,1-149561,171.6572619,51.57304126,Spiral,16
8992-6101,1-149536,172.1044999,51.02835289,Spiral,16
8992-6103,1-149471,173.0378439,50.76553501,Spiral,16
8993-12701,1-612080,164.8639457,46.12238958,Spiral,16
8993-12702,1-277300,165.0474517,45.73782647,Spiral,16
8995-12705,1-150370,177.8445354,53.44418929,Spiral,16
8995-3702,1-188548,175.5340603,55.42360125,Spiral,16
8996-6102,1-187394,173.0009117,53.71410095,Spiral,16
8997-3701,1-149170,170.5622762,50.74233595,Spiral,16
9002-12704,1-314817,224.7371954,31.7866498,Spiral,16
9024-12705,1-314409,223.8674592,32.84002812,Spiral,16
9024-9101,1-262322,224.024527,34.48183067,Spiral,16
9025-12704,1-633942,246.0507636,30.16226141,Spiral,16
9025-1902,1-324033,246.358197,30.30944782,Spiral,16
9025-3702,1-272047,245.8773622,30.19768861,Spiral,16
9025-3703,1-594452,246.3161955,30.32413739,Spiral,16
9025-6104,1-272639,247.3612662,29.54112602,Spiral,16
9026-12702,1-94748,249.5250825,43.82611815,Spiral,16
9026-12705,1-94696,251.4584885,43.86647309,Spiral,16
9026-9101,1-94784,249.3184192,44.41822961,Spiral,16
9027-12704,1-323794,245.3466469,32.34901365,Spiral,16
9028-12701,1-269179,242.1009587,29.75483435,Spiral,16
9028-12702,1-633759,242.9750663,30.33278322,Spiral,16
9028-12704,1-633815,243.61579,29.973833,Spiral,16
9029-12704,1-135285,247.2169531,42.81201135,Spiral,16
9029-12705,1-135078,247.57942,41.102079,Spiral,16
9029-6102,1-594453,246.3929149,41.6813939,Spiral,16
9033-12705,1-576436,224.0181831,45.40526587,Spiral,16
9033-9102,1-321725,223.3526193,46.48558549,Spiral,16
9034-12705,1-198664,227.5366807,46.10468066,Spiral,16
9035-12705,1-247739,236.3775268,44.01637903,Spiral,16
9038-12703,1-248056,238.7463314,42.10536912,Spiral,16
9041-12703,1-264254,234.6793022,30.67128856,Spiral,16
9042-12702,1-375213,232.096991,28.22947097,Spiral,16
9042-12703,1-316872,235.1526786,28.51243552,Spiral,16
9042-6101,1-375134,232.5510737,27.13411679,Spiral,16
9043-12704,1-632653,231.34751,29.17189,Spiral,16
9045-12704,1-315206,227.9014183,31.71314508,Spiral,16
9045-9101,1-631890,227.2002436,30.17055255,Spiral,16
9047-12703,1-269638,247.6884257,26.09524954,Spiral,16
9048-12704,1-295955,244.6986576,25.18873828,Spiral,16
9048-9101,1-296334,245.0567109,25.71008745,Spiral,16
9049-12702,1-295476,247.929085,25.2941089,Spiral,16
9049-1901,1-269632,247.560973,26.20647356,Spiral,16
9049-3702,1-269634,247.6623304,25.98689725,Spiral,16
9085-12703,1-178557,260.3062712,29.18589109,Spiral,16
9085-9101,1-177985,259.6484198,29.25147616,Spiral,16
9088-12702,1-265589,242.3154737,25.71246957,Spiral,16
9095-12701,1-376413,241.9136393,23.41686603,Spiral,16
9095-1901,1-317822,242.8100517,24.22502189,Spiral,16
9182-12703,1-43868,118.774527,40.04129635,Spiral,16
9182-6101,1-72087,120.3212778,39.21682242,Spiral,16
9183-12703,1-72242,120.7525704,39.86913754,Spiral,16
9184-12701,1-201913,119.7990417,31.80787429,Spiral,16
9184-3702,1-153086,119.3430278,33.06242882,Spiral,16
9184-3704,1-201922,119.9947937,31.89332414,Spiral,16
9185-12705,1-547339,258.5824636,33.54888464,Spiral,16
9193-12702,1-37822,46.37325449,-0.381932334,Spiral,16
9193-6102,1-37386,46.30469131,-1.006335855,Spiral,16
9193-9101,1-37385,46.29419684,-1.075470365,Spiral,16
9195-3703,1-603039,29.0522287,14.90663913,Spiral,16
9195-9101,1-42646,28.07922608,13.63405605,Spiral,16
9196-12701,1-595146,260.12645,52.643041,Spiral,16
9196-12703,1-24660,262.3992827,54.49442367,Spiral,16
9485-12705,1-153627,121.7799375,36.23347854,Spiral,16
9486-12702,1-72207,121.1295952,40.20604481,Spiral,16
9487-12701,1-44618,122.5228733,46.19302521,Spiral,16
9487-12704,1-45581,123.6863983,46.41497528,Spiral,16
9487-3704,1-44974,123.6620484,44.39464312,Spiral,16
9487-9102,1-574504,123.8203258,46.07525334,Spiral,16
9490-12702,1-382980,121.1375351,19.85125851,Spiral,16
9490-6102,1-383264,122.12768,19.2084717,Spiral,16
9492-6101,1-382326,117.3005506,17.56616409,Spiral,16
9492-6103,1-297950,116.5517882,18.71036932,Spiral,16
9492-9102,1-382306,118.2136837,17.56001892,Spiral,16
9493-1902,1-413033,129.9614953,23.14334857,Spiral,16
9494-9102,1-384848,127.4348389,22.42439637,Spiral,16
9500-12704,1-605482,131.9825395,25.83167113,Spiral,16
9501-6102,1-385091,129.6691733,25.58717644,Spiral,16
9502-12703,1-385099,129.54557,24.895295,Spiral,16
9502-6101,1-385123,129.394959,24.61256772,Spiral,16
9505-12704,1-387161,139.0781202,28.88907387,Spiral,16
9506-6102,1-386150,133.7598432,26.67534627,Spiral,16
9506-9101,1-385972,133.58894,27.16722614,Spiral,16
9507-12701,1-298752,128.250742,26.01405069,Spiral,16
9507-12702,1-299013,128.4945619,26.10679727,Spiral,16
9508-12701,1-298823,126.5145002,25.59458518,Spiral,16
9508-12704,1-298938,127.1059539,26.39737016,Spiral,16
9508-6104,1-298966,127.5530165,26.62732295,Spiral,16
9510-12703,1-230670,128.0264348,29.23625131,Spiral,16
9512-3704,1-53880,138.1512607,0.30949101,Spiral,16
9865-6103,1-246565,225.0079245,49.7468096,Spiral,16
9868-6102,1-321256,219.2275407,46.80176837,Spiral,16
9870-6103,1-569138,233.22829,44.538732,Spiral,16
9870-9101,1-199368,233.2834463,44.53567898,Spiral,16
9871-12701,1-321938,227.3292399,42.6750722,Spiral,16
9871-12702,1-593698,228.2807335,41.26461964,Spiral,16
9871-12705,1-593702,228.37217,42.330255,Spiral,16
9872-6101,1-322581,233.1362914,41.98044171,Spiral,16
9872-9102,1-593934,234.1347068,41.79929391,Spiral,16
9876-6101,1-623893,195.5532271,28.21485166,Spiral,16
9876-9102,1-457147,195.855551,28.01401128,Spiral,16
9881-12702,1-523178,204.9990646,24.00808984,Spiral,16
9881-12705,1-523085,205.3735703,23.16696442,Spiral,16
9883-12701,1-176644,255.5233088,31.79742915,Spiral,16
9883-12704,1-176925,256.5507674,33.55523016,Spiral,16
9883-9102,1-176947,256.6413907,33.69298316,Spiral,16
9888-12701,1-593975,235.47582,28.133979,Spiral,16
9888-12704,1-316945,236.0063392,28.27702878,Spiral,16
,,,,,16
,,,,,16
10213-12705,1-72456,122.931168093,41.5549778649,Spiral,17
10215-12703,1-121923,122.130636583,37.5865756841,Spiral,17
10215-3704,1-153589,122.11350534,36.8374284802,S0,17
10216-6101,1-412105,117.700436207,16.3893864476,Spiral,17
10216-6102,1-297871,116.730202777,18.482375517,Spiral,17
10216-9102,1-297970,116.446792381,18.312577531,S0,17
10217-1901,1-458692,119.06828621,15.2400782037,Spiral,17
10217-6103,1-412058,117.993013365,15.7114103805,S0,17
10218-12705,1-604875,118.61245,16.2148,Spiral,17
10219-12702,1-556820,125.505931857,21.3428752484,Spiral,17
10220-9101,1-201969,120.825871809,31.7763732335,Spiral,17
10221-6104,1-298693,124.698297548,24.5374298193,Spiral,17
10222-6103,1-50537,42.9848765783,-8.37704983026,Spiral,17
10222-9101,1-50628,43.297016234,-7.53251485588,Spiral,17
10223-12702,1-35586,32.3864687333,-0.999897937983,Spiral,17
10225-12703,1-36562,37.9307094692,0.293505774944,Spiral,17
10225-9101,1-36548,37.7521626483,0.48231527431,Spiral,17
10226-3704,1-36386,37.779258815,-1.10518325836,Spiral,17
10226-9101,1-36197,36.00555,0.252243,Spiral,17
10492-12701,1-380045,123.338037496,57.852238539,Spiral,17
10492-12702,1-380097,124.064089969,57.5305417333,Spiral,17
10492-12705,1-584905,125.453893616,56.2899230993,Spiral,17
10494-9102,1-379865,124.339174229,55.3405265396,Spiral,17
10495-3703,1-45694,125.287570599,47.2773820655,S0,17
10495-9101,1-45641,123.106993469,47.5425831348,Spiral,17
10496-12702,1-122623,123.801912144,41.2146716573,Spiral,17
10496-12704,1-122711,125.4594,41.876266,Spiral,17
10496-1902,1-122783,126.648895962,41.0849826648,S0,17
10498-12702,1-385365,131.292796969,25.9615954263,Spiral,17
10498-6104,1-385828,131.347630209,27.8227390348,S0,17
10499-12701,1-605451,131.316486298,27.8237705482,Spiral,17
10499-12705,1-299713,132.75026555,29.1819477423,Spiral,17
10500-3702,1-300318,135.250302834,31.0906963419,Spiral,17
10501-1902,1-300238,134.581291082,31.1220886599,Spiral,17
10502-12705,1-231147,131.726442305,29.8841845988,Spiral,17
10502-6103,1-230956,130.526005689,30.8200517243,Spiral,17
10503-12701,1-79952,158.92625,5.61596,Spiral,17
10507-12705,1-576051,175.697423482,48.8197855859,Spiral,17
10507-9102,1-280728,178.121855495,48.4589210594,Spiral,17
10508-12701,1-150991,182.027687739,52.3391185232,Spiral,17
10508-12703,1-175889,184.652029473,51.4147324232,Spiral,17
10508-12705,1-150899,184.871439931,51.7759257611,Spiral,17
10508-1902,1-576031,180.980700649,50.8727225612,Spiral,17
10509-12702,1-278113,167.133630157,47.3363337264,Spiral,17
10509-3701,1-278159,166.871220787,46.354465407,Spiral,17
10512-3702,1-76991,135.510780261,3.59045408948,Spiral,17
10513-12702,1-605833,140.95013456,2.11272155396,Spiral,17
10513-1902,1-54240,140.372732157,-0.268860484044,S0,17
10513-3701,1-605823,140.827895393,1.58311208801,Spiral,17
10514-12704,1-78029,145.613449472,3.34728135553,Spiral,17
10515-6104,1-606491,149.297875445,5.20136465374,S0,17
10516-12701,1-60653,150.529327393,3.05768609047,S0,17
10516-3704,1-60707,151.32819022,2.49572834451,S0,17
10516-6104,1-78868,151.836078887,4.07931108101,Spiral,17
10516-9101,1-60723,151.534866683,2.96902542051,Spiral,17
10518-9102,1-182839,153.761128184,5.67693109095,Spiral,17
10519-12705,1-79331,155.712556543,4.76579400096,Spiral,17
10520-1902,1-79648,157.208174735,4.96056352815,S0,17
10520-6101,1-79916,157.90605218,4.01863688012,Spiral,17
10838-12701,1-389438,146.439158931,33.8702469092,Spiral,17
10839-1902,1-53198,132.803665792,1.06192681901,S0,17
10839-6101,1-53118,133.494549102,0.35004036322,Spiral,17
10840-3701,1-76747,133.190069669,3.59764017153,S0,17
10840-3703,1-76813,134.522081756,3.75649240107,Spiral,17
10841-12701,1-605877,142.002658665,1.67148730899,Spiral,17
10842-12702,1-181160,139.888017431,5.88279932367,Spiral,17
10842-12705,1-77595,141.292491111,4.46504814413,Spiral,17
10842-3703,1-585579,141.06409,5.94114,Spiral,17
10843-1901,1-837,149.456451416,-0.210921883583,S0,17
10843-1902,1-803,149.88145083,-0.256509657052,S0,17
10844-3702,1-78117,145.590507164,4.35448236168,S0,17
10844-3703,1-78176,146.397714484,4.41058420411,Spiral,17
10845-12705,1-78451,150.238559763,3.14176993025,Spiral,17
10845-3703,1-78200,149.244441227,3.77796056541,S0,17
10845-9101,1-78213,148.530300975,3.17309905231,Spiral,17
11004-12701,1-456655,196.110590139,27.304313566,Spiral,17
11004-12704,1-457246,197.05877422,27.5158507658,S0,17
11006-12702,1-456575,194.590447844,28.1487789817,S0,17
11006-12704,1-456643,195.178493261,27.9630948504,S0,17
11006-6102,1-591101,194.402261608,27.0313661613,S0,17
11007-1901,1-456507,193.954177913,27.9058612663,S0,17
11007-3701,1-455640,193.281556103,27.0381715043,S0,17
11009-9101,1-456269,194.634432576,26.2436602387,S0,17
11010-6101,1-522145,198.222943565,23.6346297839,Spiral,17
11010-6103,1-522093,196.65173277,25.429679605,Spiral,17
11010-6104,1-591528,198.438764929,24.9824563431,Spiral,17
11011-12703,1-197402,216.511041569,49.5217324906,Spiral,17
11011-1902,1-197677,218.718594451,48.6618906608,S0,17
11012-12702,1-245497,212.08983767,55.3015100433,Spiral,17
11012-12703,1-245560,212.875653847,55.4467436035,Spiral,17
11014-12705,1-456339,194.476509547,27.490641798,S0,17
11014-6104,1-456912,194.77510377,27.9967050471,S0,17
11015-12703,1-404401,195.482642091,29.3227905658,S0,17
11015-12705,1-624081,195.978641945,28.1876524974,S0,17
11015-6101,1-456563,194.540430593,27.5494435015,S0,17
11015-6102,1-456847,194.45277728,28.1804534394,S0,17
11016-12703,1-197191,212.557940634,51.1136212677,Spiral,17
11016-6104,1-320543,213.010158799,50.1370959328,S0,17
11017-12701,1-319408,199.829107877,51.126738437,Spiral,17
11017-12704,1-319668,202.485377395,50.8838631272,Spiral,17
11019-12705,1-623253,193.853516955,52.2677083156,Spiral,17
11020-3704,1-244421,206.538354722,55.1603854959,Spiral,17
11021-12701,1-195230,197.986852624,54.535542336,Spiral,17
11021-1901,1-195854,198.693806501,54.0873833851,S0,17
11021-3703,1-196091,199.816264263,54.6017393989,S0,17
11021-9101,1-195704,198.312401552,53.2053336786,Spiral,17
11024-6104,1-10856,202.632185668,-0.734217754,Spiral,17
11742-12702,1-122203,123.39634786,38.9283986605,Spiral,17
11742-12704,1-122206,123.591747728,39.2513462898,Spiral,17
11742-6104,1-122197,123.638301433,38.5447857357,Spiral,17
11743-12702,1-458614,118.34399128,13.2176201275,Spiral,17
11743-12704,1-458678,118.731917828,14.7167640843,Spiral,17
11743-3704,1-458609,118.370250619,13.0999727892,S0,17
11744-12705,1-459215,122.217871845,14.8625909491,Spiral,17
11744-3702,54-80,119.85175,16.4189444444,Spiral,17
11744-9101,1-459133,120.418077307,15.6447504583,S0,17
11746-12703,1-556472,128.78634008,29.7092884241,Spiral,17
11746-12704,1-218981,127.784887573,30.8956066933,Spiral,17
11748-12701,1-387154,138.764757557,29.2699499706,Spiral,17
11748-1902,1-386961,138.561561076,29.6955144778,S0,17
11748-6101,1-605691,138.173304451,30.0150161422,Spiral,17
11749-12702,1-300623,138.969363169,32.4659343959,Spiral,17
11749-1901,1-300599,140.046766253,32.8293639942,S0,17
11752-1901,1-54632,142.515613553,2.01740201518,S0,17
11752-3703,1-54970,144.025617854,1.46074122874,S0,17
11753-12704,1-55271,146.749731555,2.56144636703,Spiral,17
11754-12705,1-53172,132.167564387,1.03879869312,Spiral,17
11754-3704,1-52986,131.406485198,1.60666327635,S0,17
11754-6102,1-52936,131.11854344,2.06393315378,Spiral,17
11755-1902,1-282449,185.983169018,42.2934598373,S0,17
11755-6103,1-575788,185.599610954,42.7228523584,S0,17
11755-9102,1-282627,187.751318314,42.526965847,Spiral,17
11757-12703,1-270196,248.560330372,26.5703229982,Spiral,17
11758-6103,1-196017,201.305215035,53.8535273971,Spiral,17
11759-12704,1-54886,146.108151317,1.42935321693,Spiral,17
11823-12703,1-324389,249.901027833,28.8181214665,Spiral,17
11824-9101,1-368956,222.977407327,5.32618251026,S0,17
11826-9101,1-620558,187.893659749,37.9805527322,Spiral,17
11827-1901,1-592801,213.839268047,49.3263807684,S0,17
11830-12702,1-623986,195.739943183,51.3185439311,Spiral,17
11830-12705,1-234285,197.921569846,50.2472547612,Spiral,17
11830-6102,1-234250,197.738548552,49.8598180593,Spiral,17
11830-6103,1-319440,198.608693632,50.9791687626,S0,17
11831-12702,1-152193,195.668427838,51.7789409671,Spiral,17
11831-3702,54-53,193.859833333,52.2709722222,Spiral,17
11831-6101,1-152201,195.23277669,50.8673394378,Spiral,17
11832-12704,1-176258,188.237443963,50.9595402432,Spiral,17
11834-3702,1-70386,224.445785591,1.37844063111,S0,17
11834-3703,1-70391,224.535871075,1.54859860743,S0,17
11834-9101,1-13738,223.045983798,-0.256094906365,Spiral,17
11835-12702,1-82635,220.456547632,3.4437424429,S0,17
11835-12705,1-70173,220.955528951,1.92599544643,Spiral,17
11836-3702,1-1278,150.517055658,0.687529144448,S0,17
11838-3701,1-1747,155.03374386,-0.797442316493,Spiral,17
11863-12704,1-195400,193.877376645,55.210714099,Spiral,17
11863-3701,1-195079,191.236349128,54.9025360951,S0,17
11865-6101,1-2431,156.783920214,0.965639216093,Spiral,17
11866-1902,1-60604,150.210275976,1.33539464827,Spiral,17
11866-9102,1-1360,150.994189901,0.736632097198,Spiral,17
11867-12702,1-53662,135.769700462,1.13570133479,S0,17
11868-12703,1-269966,248.737058299,25.692594856,Spiral,17
11868-1902,1-294870,250.061742268,23.6434625792,S0,17
11868-9102,1-294858,250.010914139,23.5761808381,Spiral,17
11871-12703,1-623440,194.556542486,26.426853598,Spiral,17
11872-12702,1-150343,177.528404347,53.4198357093,Spiral,17
11872-12704,1-150484,178.938661141,52.9939219537,Spiral,17
11872-3702,1-189081,179.299925995,54.5713599938,S0,17
11939-12702,1-456449,192.2474,27.37545,Spiral,17
11939-3701,1-456391,193.753489134,27.4833809056,Spiral,17
11939-3704,1-456538,194.26079886,27.6566774614,S0,17
11939-6102,1-456513,193.877572817,27.5442666743,S0,17
11940-12701,1-249021,247.66197183,35.0564096875,Spiral,17
11941-12702,1-569177,247.104082954,41.1684537291,S0,17
11941-12703,1-633996,247.436504694,41.7784913034,Spiral,17
11941-12704,1-135075,247.611868226,41.4839513341,Spiral,17
11941-3703,1-135169,247.073512364,40.9670086222,S0,17
11941-3704,1-135556,247.454363992,40.6565077815,Spiral,17
11941-6102,1-135549,247.523817872,40.7980240583,S0,17
11942-1901,54-55,247.914375,41.4896944444,Spiral,17
11944-12701,1-323378,241.892588201,36.484048963,Spiral,17
11944-12704,1-200510,243.256777222,37.2874747153,Spiral,17
11945-12705,1-95220,252.996921605,40.2712372556,Spiral,17
11945-3704,1-95697,252.935745239,39.2267570496,Spiral,17
11945-6104,1-95290,254.361475678,40.7356215346,Spiral,17
11946-9101,1-135812,250.292722125,38.8319806379,Spiral,17
11947-3702,1-211368,251.496587184,35.4589203632,Spiral,17
11948-12704,1-249904,250.810818967,33.5825525178,Spiral,17
11949-12705,1-176385,254.576201691,33.6377928224,S0,17
11949-3701,1-564536,251.222868491,34.1754945172,Spiral,17
11951-12702,1-249703,252.109776971,31.9263427619,Spiral,17
11951-12704,1-211931,254.467385329,31.9721423684,Spiral,17
11951-12705,1-211944,254.255494504,31.2533391731,Spiral,17
11952-12701,1-325038,252.498681879,27.0747709511,Spiral,17
11952-12703,1-325658,254.450686503,27.4168481018,S0,17
11953-6104,1-283662,191.217733524,42.4221950462,S0,17
11954-3702,1-195686,198.145509868,53.7223191092,Spiral,17
11954-9102,1-152334,197.0953699,52.6233522281,Spiral,17
11955-12702,1-195349,194.484283367,53.5232259717,Spiral,17
11955-12703,1-195325,195.321303378,53.8608374746,Spiral,17
11955-12704,1-195761,196.368311568,53.8800722817,Spiral,17
11955-9102,1-195251,197.010464453,53.935876658,Spiral,17
11956-12702,1-151624,187.778251994,52.4143339538,Spiral,17
11956-12703,1-194994,191.28346577,53.616094015,Spiral,17
11956-6103,1-151429,187.17995213,53.3576933919,Spiral,17
11957-6101,1-150898,185.283260983,51.8964048359,Spiral,17
11957-9101,1-151386,186.743438715,53.6845795523,Spiral,17
11958-12704,1-144443,207.411606846,4.23827709062,Spiral,17
11958-3704,1-144441,207.34602783,4.25931147069,Spiral,17
11958-6102,1-144455,206.779743019,3.62232875604,Spiral,17
11958-6103,1-627746,207.968466598,3.45490791051,Spiral,17
11958-6104,1-68605,208.553211261,2.8807806324,Spiral,17
11960-12704,1-336690,236.141095932,10.2931523872,Spiral,17
11962-12703,1-333735,226.594939248,9.05000336802,Spiral,17
11962-12704,1-333696,226.829815628,8.58535919523,Spiral,17
11962-1902,1-363805,226.492890051,7.72871706004,S0,17
11963-1902,1-335507,233.015949638,9.44962232408,Spiral,17
11963-6101,1-335823,233.40266786,7.91227283422,S0,17
11963-9102,1-336095,234.082183838,9.34421253204,Spiral,17
11965-12701,1-365037,230.633760954,7.5999505594,S0,17
11965-12705,1-335905,232.228951575,7.74531876963,Spiral,17
11965-6102,1-335376,230.749368142,8.7553894381,S0,17
11965-9102,1-335448,231.592485223,9.3964322678,Spiral,17
11967-12702,1-335446,231.574570438,9.71095037677,Spiral,17
11967-9102,1-335527,232.146212285,10.1810146777,Spiral,17
11968-12705,1-364875,229.771347409,7.81622375351,S0,17
11970-12702,1-333272,225.22953,9.61331,Spiral,17
11970-12704,1-333381,225.236180286,11.5174164077,Spiral,17
11970-3701,1-333784,225.985833529,9.44639998524,Spiral,17
11970-6102,1-333429,224.52598185,10.9545458914,Spiral,17
11975-12702,1-594681,251.681249152,26.9466271982,Spiral,17
11976-12702,1-594224,241.46822,18.46477,Spiral,17
11976-12703,1-446242,243.925554082,19.6375787771,Spiral,17
11976-3701,1-444980,241.561797466,18.1828719413,Spiral,17
11977-6102,1-325994,253.683053684,24.8185626883,S0,17
11979-12703,1-273213,252.91351235,23.9722888618,Spiral,17
11979-12705,1-273186,252.912995998,23.7104491942,Spiral,17
11979-3701,1-270307,251.794121327,22.7058257789,Spiral,17
11979-6104,1-270655,253.047977644,22.756535597,Spiral,17
11979-9101,1-270268,252.350450207,22.941437199,Spiral,17
11984-6102,1-324698,256.346976328,22.3081037871,Spiral,17
12067-12701,1-635999,331.985834979,0.370159860495,Spiral,17
12067-12702,1-550989,332.452246977,0.829313388405,Spiral,17
12067-12705,1-26682,332.970511181,0.108720860234,Spiral,17
12068-12703,1-27443,337.555073035,0.228410435465,Spiral,17
12068-9102,1-26985,336.78510433,-0.72719999551,Spiral,17
12069-12702,1-636443,339.346705911,-1.02508888001,Spiral,17
12069-12704,1-27482,338.030234824,0.0370669306217,Spiral,17
12069-12705,1-27599,340.06834535,-0.336137721563,Spiral,17
12071-12701,1-28686,346.302324728,0.83438464152,Spiral,17
12071-12703,1-28725,347.334455581,0.756508501779,Spiral,17
12074-12703,1-33775,18.5658025035,0.765361055536,Spiral,17
12074-12704,1-551344,18.4430517249,0.305756424885,Spiral,17
12074-12705,1-33522,18.1404261577,0.293349919469,Spiral,17
12074-3703,1-33810,18.676128644,0.132750118268,S0,17
12074-6104,1-33758,18.6928863257,-0.00109952541905,S0,17
12075-12703,1-34149,20.8549364792,0.755284336195,S0,17
12075-3702,1-33848,18.8561899499,0.0716447908153,S0,17
12075-6101,1-33732,19.1688596454,-1.19455052395,S0,17
12080-12701,1-35671,31.3433042469,-0.745346414673,Spiral,17
12082-12704,1-36621,38.4845499197,0.923746410228,Spiral,17
12088-12704,1-570532,350.261521351,15.2224591324,Spiral,17
12088-12705,1-117946,350.614211202,13.8158281524,Spiral,17
12093-12704,1-40541,18.2077028072,15.5054459207,S0,17
12483-12703,1-590252,187.928154432,33.5874527359,Spiral,17
12483-12705,1-405001,187.12882108,32.547716252,Spiral,17
12484-12704,1-409539,196.90762,32.77527,Spiral,17
12487-12703,1-605711,138.610011769,30.6365466873,S0,17
12487-6101,1-386733,137.878720293,28.8265918025,S0,17
12487-6104,1-386954,138.211910325,30.2122585532,S0,17
12487-9101,1-386826,136.698353794,29.2195206446,Spiral,17
12489-6102,1-140369,178.790747708,4.17097504973,Spiral,17
12489-9101,1-140383,178.718532963,4.26995521022,Spiral,17
12490-3703,1-613941,169.811882009,3.96426659219,Spiral,17
12490-3704,1-62475,169.37806497,3.34417038504,Spiral,17
12490-9102,1-138167,169.655895859,3.76427864797,Spiral,17
12495-3702,1-79756,160.479883227,3.52414221598,Spiral,17
12495-6103,1-80414,161.101990774,4.74842752858,Spiral,17
12495-9102,1-79770,159.836215264,3.36922915773,Spiral,17
12511-12701,1-53212,133.650006846,1.4350303979,Spiral,17
12511-12705,1-53328,133.948604956,0.794302784007,Spiral,17
12511-3702,1-53412,134.649946303,1.53043438711,Spiral,17
12511-6101,1-53288,134.619164107,0.0234601988079,S0,17
12514-12701,1-66655,198.016049595,1.64558131852,Spiral,17
12514-12702,1-67044,198.839844166,1.92755568471,Spiral,17
12518-12705,1-2511,158.464022875,-0.561397568229,Spiral,17
12518-3701,1-2937,159.606300135,-0.0177841899234,Spiral,17
12518-3704,1-2880,159.893774851,-0.252957993345,Spiral,17
12620-9102,1-421128,201.170476287,31.0264957187,S0,17
12621-12703,1-415848,204.888962499,29.9970820026,Spiral,17
12621-9101,1-420986,203.279194983,30.4292905934,Spiral,17
12622-1902,1-420769,202.331962545,32.0047224327,Spiral,17
12622-3701,54-75,200.437625,31.2346111111,Spiral,17
12624-12703,1-420709,203.468324934,31.6046500241,Spiral,17
12624-12704,1-415975,205.306660394,30.3910538421,Spiral,17
12624-12705,1-627030,205.426697444,30.1254142293,Spiral,17
12624-9101,1-591892,203.568730085,31.2858673006,Spiral,17
12652-12701,1-270365,251.017679946,23.3977625353,Spiral,17
12652-12703,1-270440,250.952374177,24.2423437173,Spiral,17
12652-1902,1-634271,253.530590802,23.4124038283,Spiral,17
12667-12701,1-211525,249.226378761,36.4234886623,Spiral,17
12673-12704,1-135535,247.362254282,40.7224108673,S0,17
12673-6102,1-210385,245.338708143,40.3099825822,S0,17
12673-9102,1-135104,247.381411391,40.4128198507,Spiral,17
12674-12704,1-210403,245.22421217,40.1041474857,Spiral,17
12674-6101,1-210759,246.39285,38.9333,S0,17
12682-12704,1-596366,325.533512231,-6.77480338445,Spiral,17
12683-3704,1-639681,326.694146258,-7.89364449748,Spiral,17
12696-12704,1-32796,14.3742746241,0.102948089501,Spiral,17
12769-3701,1-31020,5.407878,-1.010618,S0,17
12772-12705,1-33337,17.8158818881,-0.455980662535,Spiral,17
12772-3704,1-33039,15.8313257091,-0.589654999363,S0,17
12772-6104,1-108143,17.5588928233,0.365933355647,Spiral,17
7959-12703,1-177478,256.765166396,31.4236932668,Spiral,17
7959-12705,1-178084,258.056865304,30.1678476186,Spiral,17
7959-6102,1-177358,256.727975449,30.2697609595,Spiral,17
7959-6103,1-561117,256.283191079,30.4032159802,Spiral,17
7961-12702,1-177959,258.935074017,29.4043335998,Spiral,17
7963-9101,1-178927,313.670602109,-0.766883957976,Spiral,17
7965-1901,1-179705,318.176375666,0.769497555133,S0,17
7965-9102,1-179636,318.717732952,-0.896295952137,Spiral,17
7979-12702,1-115158,333.339612109,13.4364824869,S0,17
7979-6104,1-115394,333.866419449,13.8539769059,Spiral,17
7979-9102,1-115275,333.863494923,12.9175093175,S0,17
7980-12701,1-115360,333.603384227,13.7759632727,S0,17
7980-3701,1-596699,333.607767431,13.311989491,S0,17
7980-3702,1-596696,333.558433965,13.8756928801,S0,17
7993-12704,1-42230,33.4062555764,13.7281228725,Spiral,17
8075-12705,1-599562,0.391483566351,15.0815793067,Spiral,17
8079-12704,1-37069,41.9370732132,0.414182221714,Spiral,17
8079-3701,1-36975,41.5210512647,-0.650956442347,S0,17
8079-6102,1-37208,42.9775629197,-0.980116719149,S0,17
8079-9101,1-603795,42.8963395389,-0.733774161819,Spiral,17
8088-1901,1-577296,3.43656623429,14.6069264977,Spiral,17
8088-3704,1-120829,4.98978146939,15.0922151083,Spiral,17
8091-12701,1-39376,11.9991011508,13.7426779765,Spiral,17
8092-3701,1-40870,18.7573245828,15.4135190327,S0,17
8093-9102,1-41158,20.8483535937,15.2146883695,Spiral,17
8148-12703,1-145978,119.355630313,27.8105794913,Spiral,17
8152-9102,1-301193,144.156457423,34.4773530878,Spiral,17
8157-12703,1-41919,30.852825397,14.6975872712,Spiral,17
8157-12705,1-42131,31.6466327252,12.5203065089,Spiral,17
8157-3701,1-41762,31.4201960493,13.1755472114,Spiral,17
8240-1902,1-72852,125.51042577,44.4569807426,S0,17
8240-6103,1-72797,125.010600636,44.2640413067,Spiral,17
8245-12702,1-567244,136.196794615,22.0284799156,Spiral,17
8245-9101,1-464264,136.64269,20.40397,Spiral,17
8248-12703,1-481860,136.743567831,17.9637780918,Spiral,17
8248-1901,1-482004,138.49517417,17.9448042013,S0,17
8248-3703,1-605726,138.812941522,17.7689647201,Spiral,17
8260-12702,1-281907,181.765754991,42.9847151195,Spiral,17
8260-3704,1-281927,183.05821257,43.3562897069,S0,17
8310-3701,1-495383,179.294527035,22.2961693069,S0,17
8314-12703,1-248638,243.212322011,40.3188385164,Spiral,17
8321-12701,1-403623,197.467258338,28.3825099289,Spiral,17
8321-3701,1-457252,197.003247752,28.0812453664,S0,17
8327-12702,1-250894,204.807938343,44.251001563,Spiral,17
8327-12703,1-285989,205.974001327,45.3306436538,Spiral,17
8327-6104,1-286139,205.837588641,45.7957818182,S0,17
8328-12702,1-286309,208.667233467,44.8315186342,Spiral,17
8328-12704,1-286265,209.396814741,45.0839740105,Spiral,17
8328-9101,1-286277,208.549755273,44.2080286337,Spiral,17
8336-6102,1-313033,210.217782954,38.4180312572,Spiral,17
8337-12702,1-629221,212.74809,38.76536,Spiral,17
8337-1901,1-261280,214.096446764,38.190986148,Spiral,17
8337-1902,1-261274,214.904021684,38.2342438662,Spiral,17
8337-6102,1-313385,214.642100658,37.024420277,Spiral,17
8438-3703,1-474807,149.760715864,18.1928788404,S0,17
8438-3704,1-504663,149.045387801,16.7931915464,Spiral,17
8441-12705,1-252619,225.41243667,38.055820306,Spiral,17
8441-1901,1-252463,222.863558985,37.5032429572,S0,17
8488-12702,1-247614,234.374675454,46.864082874,Spiral,17
8546-6104,1-91135,239.069386036,52.5677012843,Spiral,17
8561-3704,1-576315,241.325410354,52.120150906,Spiral,17
8562-12704,1-92863,244.97294948,51.5465148353,Spiral,17
8562-6103,1-633846,244.1876,52.016733,Spiral,17
8563-12705,1-92763,242.755084484,49.795406083,Spiral,17
8564-12704,1-134195,240.429062144,48.8279268869,Spiral,17
8569-12701,1-39197,9.43942294103,14.7116236458,Spiral,17
8569-12702,1-39500,9.85282599522,14.4562243055,Spiral,17
8589-12705,1-631857,226.727758045,56.5090036372,Spiral,17
8589-3702,1-576738,226.69712324,56.2910285792,S0,17
8593-6104,1-208709,227.235586205,52.4460500742,Spiral,17
8596-12704,1-208985,231.662808527,50.3190703516,Spiral,17
8596-12705,1-247324,231.325814447,48.4121036276,Spiral,17
8598-12701,1-246851,228.459158597,47.527251939,Spiral,17
8609-12701,1-594432,245.741625745,14.6027925265,Spiral,17
8609-6103,1-446650,246.670557578,14.3787854135,Spiral,17
8610-6104,1-22810,257.712081147,61.3249310753,Spiral,17
8619-12701,1-114230,322.242776107,11.3665010958,Spiral,17
8619-12703,1-114059,322.828842369,11.5653492247,Spiral,17
8619-3703,1-114292,323.33666397,11.5934174348,S0,17
8620-1902,1-114818,330.337232216,12.196692699,Spiral,17
8622-12701,1-118456,351.20103164,15.0000644401,S0,17
8622-12704,1-118204,351.335825376,15.2129932208,Spiral,17
8652-12703,1-26406,330.816663792,0.571128772422,Spiral,17
8654-12702,1-29571,355.136248744,-0.551087725588,Spiral,17
8656-12702,1-287810,7.0855527162,-0.217869311786,Spiral,17
8656-12705,1-287790,7.38700089483,-1.09569961487,Spiral,17
8656-6102,1-31271,7.55605935585,-0.707838371408,Spiral,17
8657-12704,1-32058,10.4083294322,0.257635351637,Spiral,17
8657-1902,1-31580,9.56485395306,-0.967405560911,Spiral,17
8657-6101,1-31788,9.39920356323,0.280661865228,Spiral,17
8657-6104,1-32056,10.4174680608,0.208785194852,Spiral,17
8710-12704,1-378723,118.037543744,50.3736205298,Spiral,17
8722-12702,1-45470,124.556748682,49.2508538132,Spiral,17
8723-12705,1-46819,129.804014054,53.6235334259,Spiral,17
8723-1901,1-47408,130.466455938,54.9777089916,Spiral,17
8723-3703,1-47389,128.885441625,54.512370758,S0,17
8723-6101,1-352796,128.09414579,55.8608823491,Spiral,17
8951-6101,1-456510,194.041257314,27.8442640135,S0,17
8951-6102,1-456804,193.475871695,26.9663823607,S0,17
8981-6101,1-401864,185.944063745,36.152814775,Spiral,17
8986-6104,1-146352,119.903377344,28.8637979523,Spiral,17
8988-12704,1-397224,186.759919597,40.1128369119,Spiral,17
8988-12705,1-397639,185.791254618,39.8890963316,Spiral,17
8988-6104,1-590142,186.908557551,40.1604893506,Spiral,17
8988-9101,1-282472,185.66066758,41.2844318126,Spiral,17
8994-3702,1-148554,159.604369454,50.0202082193,S0,17
8994-9102,1-148685,162.218726287,50.0366593211,Spiral,17
8998-12705,1-173641,163.663838261,47.8622818036,Spiral,17
8998-6101,1-173583,162.385986023,47.9332396921,S0,17
9001-6101,1-149066,165.824332177,50.7832536266,Spiral,17
9001-6104,1-149323,167.944631582,52.1174330619,Spiral,17
9032-12701,1-268479,240.475077822,31.8920616895,Spiral,17
9032-12702,1-268786,241.452769626,30.7170587416,Spiral,17
9046-12702,1-296414,243.854957874,26.1103129227,Spiral,17
9046-12705,1-296298,245.1435,25.46231,Spiral,17
9086-6104,1-318370,242.898693893,24.0765990353,S0,17
9087-12701,1-376312,241.403363039,22.18640036,Spiral,17
9087-12704,1-633593,241.260399434,23.6690391515,Spiral,17
9090-6103,1-269055,243.28965469,28.8611046602,S0,17
9090-6104,1-269084,243.075654643,29.0793309754,S0,17
9091-12701,1-633458,239.735837344,27.5108845096,S0,17
9091-6104,1-265783,242.395748923,26.9127600221,Spiral,17
9092-12705,1-633549,240.976894471,25.0101167287,Spiral,17
9186-3704,1-178027,258.742684373,29.1384913753,Spiral,17
9187-12704,1-595895,311.421394814,-4.9500657791,Spiral,17
9187-3701,1-96537,310.69630042,-6.11228109136,Spiral,17
9187-3703,1-96585,311.512655093,-5.74098071135,S0,17
9189-3701,1-583421,50.5102834779,-7.47418414445,S0,17
9191-12701,1-179062,313.293270721,0.23243908467,Spiral,17
9191-6102,1-178735,312.182879304,-0.936510369343,Spiral,17
9191-9101,1-179060,313.323377266,0.120354740467,Spiral,17
9192-12701,1-289694,46.2926761258,-0.314889879806,Spiral,17
9484-12703,1-153300,120.674558679,34.9446437099,Spiral,17
9484-3701,1-153260,118.917362877,33.706038417,Spiral,17
9484-3702,1-121576,118.855331262,35.1102360794,Spiral,17
9484-9102,1-121622,120.195154664,35.5294127325,Spiral,17
9489-3703,1-605216,126.121090369,21.0445219725,Spiral,17
9489-9102,1-384185,125.279240729,21.171313725,S0,17
9495-3703,1-383698,123.761600306,21.2715995166,S0,17
9496-12704,1-298273,120.118848818,21.1362509124,Spiral,17
9496-9102,1-298298,120.538363242,21.2527634106,Spiral,17
9498-6101,1-217662,117.022219307,22.90078688,S0,17
9499-3702,1-217876,119.405856038,25.2211325436,S0,17
9503-1901,1-217931,119.954022286,24.303017087,S0,17
9504-3704,1-164244,123.371657868,29.0371979669,S0,17
9504-9101,1-146266,121.29142057,29.4553831444,Spiral,17
9511-12702,1-213815,130.042707586,4.28198408624,Spiral,17
9511-12703,1-213614,129.109595305,4.65403617846,Spiral,17
9511-3701,1-213435,129.128546526,4.03766396821,Spiral,17
9511-6101,1-76518,130.148663347,2.4770384895,Spiral,17
9513-3703,1-41982,31.3456927493,14.156854678,Spiral,17
9513-6101,1-581166,28.74757,13.46772,Spiral,17
9862-12701,1-455941,193.192823497,27.9068047588,S0,17
9862-6103,1-456617,194.986060137,27.9300479255,Spiral,17
9862-6104,1-623684,195.118300626,27.9723971584,S0,17
9867-12702,1-197552,221.600347494,48.1784242374,Spiral,17
9867-12704,1-197842,222.269418815,49.94700962,Spiral,17
9873-3701,1-456568,194.528468033,27.5768749367,Spiral,17
9874-3702,1-404306,193.795269511,29.5782512716,S0,17
9874-6101,1-456952,195.078300108,27.9371008252,S0,17
9875-12704,1-404293,193.895376923,29.0008681225,Spiral,17
9875-1901,1-456832,193.999798149,28.186963382,S0,17
9877-12701,1-623330,194.146628736,28.2754542627,S0,17
9878-12702,1-457614,200.52037569,25.751679868,Spiral,17
9879-1902,1-403617,197.347602609,28.2814499456,S0,17
9879-6102,1-457054,197.006915793,26.7653864079,Spiral,17
9880-3703,1-457149,195.839822404,28.3090530869,S0,17
9882-6102,1-523039,206.658532827,23.1961145891,Spiral,17
9884-12702,1-319977,205.326013744,52.1026930127,Spiral,17
9884-3701,1-196372,204.120951603,52.420280389,S0,17
9884-6103,1-196720,206.829269035,53.3047699925,Spiral,17
9884-6104,1-196714,206.805780181,53.6292914986,S0,17
9885-3701,1-442359,239.528675585,22.6648076234,S0,17
9886-12701,1-441573,236.346987255,24.5067661579,Spiral,17
9886-12705,1-633344,238.086386631,24.6266013478,Spiral,17
9887-9101,1-264890,238.35068271,27.6760599256,Spiral,17
9889-1901,1-375609,234.845689088,26.4143567961,S0,17
9889-1902,1-440292,234.858600293,24.9435693831,Spiral,17
9890-12702,1-316437,232.185175124,29.1013361062,Spiral,17
9890-12705,1-316607,233.520461477,29.9068817249,Spiral,17
9890-6104,1-633021,233.333165244,31.2120317586,S0,17
9892-12705,1-295062,247.91808611,24.3154058163,Spiral,17
9893-6104,1-326102,256.365815189,25.2044438818,Spiral,17
9894-12701,1-294489,250.312960997,20.752210151,Spiral,17
